,Code,Name,Theme
0,247540,에코프로비엠,"['K-뉴딜지수(2차전지)', '2차전지', '2차전지(소재/부품)', 'K-뉴딜지수', '2019 상반기 신규상장']"
1,086520,에코프로,"['K-뉴딜지수(2차전지)', '온실가스(탄소배출권)', '리튬', '2차전지', '2차전지(소재/부품)', 'K-뉴딜지수', '폐배터리', '황사/미세먼지', '2019 상반기 신규상장', '지주사']"
2,091990,셀트리온헬스케어,"['K-뉴딜지수(바이오)', 'K-뉴딜지수(바이오)', 'K-뉴딜지수', '바이오시밀러(복제 바이오의약품)']"
3,066970,엘앤에프,"['K-뉴딜지수(2차전지)', '2차전지(LFP/리튬인산철)', '2차전지', '2차전지(소재/부품)', '전기차']"
4,022100,포스코DX,"['스마트팩토리(스마트공장)', '4차산업 수혜주', '전력저장장치(ESS)', '인터넷은행', '무선충전기술', '스마트홈(홈네트워크)', '황사/미세먼지', 'SI(시스템통합)', '전기차', '전기차(충전소/충전기)', '클라우드 컴퓨팅']"
5,035900,JYP Ent.,"['음원/음반', '엔터테인먼트', '영상콘텐츠']"
6,028300,HLB,"['마리화나(대마)', '치매', '화장품', '줄기세포', '제약업체', '고령화 사회(노인복지)', '유전자 치료제/분석', '2019 하반기 신규상장', '반도체 재료/부품']"
7,041510,에스엠,"['스마트팩토리(스마트공장)', '온실가스(탄소배출권)', '2차전지', '2차전지(소재/부품)', '네옴시티', 'STO(증권형 토큰 발행)', 'NFT(대체불가토큰)', '자동차부품', '음원/음반', '수소차(연료전지/부품/충전소 등)', '지주사', '엔터테인먼트', '전기차', '국내 상장 중국기업']"
8,263750,펄어비스,"['게임', '모바일게임(스마트폰)', '메타버스(Metaverse)', 'K-뉴딜지수', 'K-뉴딜지수(게임)']"
9,068760,셀트리온제약,"['K-뉴딜지수(바이오)', 'K-뉴딜지수(바이오)', 'K-뉴딜지수', '제약업체', '바이오시밀러(복제 바이오의약품)']"
10,403870,HPSP,"['2022 하반기 신규상장', '반도체 장비']"
11,058470,리노공업,"['시스템반도체', '반도체 장비']"
12,293490,카카오게임즈,"['크래프톤 관련주', '게임', '모바일게임(스마트폰)', 'NFT(대체불가토큰)', 'K-뉴딜지수(게임)', '2020 하반기 신규상장']"
13,214150,클래시스,"['화장품', '의료기기', '미용기기']"
14,196170,알테오젠,"['K-뉴딜지수(바이오)', 'K-뉴딜지수(바이오)', 'K-뉴딜지수', '바이오시밀러(복제 바이오의약품)']"
15,277810,레인보우로보틱스,"['로봇(산업용/협동로봇 등)', '지능형로봇/인공지능(AI)', '2021 상반기 신규상장']"
16,393890,더블유씨피,"['2차전지', '2차전지(소재/부품)']"
17,328130,루닛,"['지능형로봇/인공지능(AI)', '의료기기']"
18,039030,이오테크닉스,"['LED장비', '반도체 장비']"
19,214370,케어젠,"['코로나19(진단/치료제/백신 개발 등)', '코로나19(진단/치료제/백신 개발 등)', '화장품', '코로나19(치료제/백신 개발 등)']"
20,000250,삼천당제약,"['코로나19(진단/치료제/백신 개발 등)', '코로나19(진단/치료제/백신 개발 등)', '제약업체', '코로나19(치료제/백신 개발 등)']"
21,121600,나노신소재,"['OLED(유기 발광 다이오드)', '2차전지', '2차전지(소재/부품)', '태양광에너지', 'LED']"
22,357780,솔브레인,"['K-뉴딜지수(2차전지)', 'LCD 부품/소재', '日 수출 규제(국산화 등)', '2차전지', '2차전지(소재/부품)', '지주사', '반도체 재료/부품']"
23,440110,파두,"['2023 하반기 신규상장', '시스템반도체']"
24,005290,동진쎄미켐,"['LCD 부품/소재', '日 수출 규제(국산화 등)', '반도체 재료/부품']"
25,086900,메디톡스,"['보톡스(보툴리눔톡신)', '미용기기']"
26,095340,ISC,"['지주사', '반도체 재료/부품']"
27,034230,파라다이스,['카지노']
28,253450,스튜디오드래곤,"['엔터테인먼트', '영상콘텐츠']"
29,365340,성일하이텍,"['리튬', '2차전지', '폐배터리']"
30,137400,피엔티,"['2차전지(장비)', '전력저장장치(ESS)', '2차전지', 'LCD장비', '리비안(RIVIAN)']"
31,278280,천보,"['K-뉴딜지수(2차전지)', '2차전지(전고체)', '리튬', 'LCD 부품/소재', 'OLED(유기 발광 다이오드)', '2차전지', '2차전지(소재/부품)', 'K-뉴딜지수', '2019 상반기 신규상장', '반도체 재료/부품']"
32,372170,윤성에프앤씨,"['2차전지(장비)', '2차전지']"
33,237690,에스티팜,"['코로나19(렘데시비르)', '모더나(MODERNA)', '제약업체', 'mRNA(메신저 리보핵산)']"
34,240810,원익IPS,"['OLED(유기 발광 다이오드)', 'LCD장비', '태양광에너지', '반도체 장비']"
35,214450,파마리서치,"['보톡스(보툴리눔톡신)', '화장품', '의료기기', 'U-Healthcare(원격진료)', '미용기기']"
36,383310,에코프로에이치엔,"['온실가스(탄소배출권)', '황사/미세먼지']"
37,078600,대주전자재료,"['2차전지(전고체)', '2차전지', '2차전지(소재/부품)', '태양광에너지', 'MLCC(적층세라믹콘덴서)']"
38,065350,신성델타테크,"['로봇(산업용/협동로봇 등)', '2차전지', '2차전지(소재/부품)', '초전도체']"
39,122870,와이지엔터테인먼트,"['음원/음반', '엔터테인먼트']"
40,145020,휴젤,"['보톡스(보툴리눔톡신)', '미용기기']"
41,009520,포스코엠텍,"['북한 광물자원개발', '리튬', '비철금속']"
42,035760,CJ ENM,"['홈쇼핑', '메타버스(Metaverse)', '소매유통', '음원/음반', '영화', '엔터테인먼트', '케이블TV SO/MSO', '미디어(방송/신문)', '영상콘텐츠', 'MVNO(가상이동통신망사업자)']"
43,112040,위메이드,"['게임', '모바일게임(스마트폰)', 'K-뉴딜지수', '블록체인', 'NFT(대체불가토큰)', 'K-뉴딜지수(게임)']"
44,140410,메지온,
45,056190,에스에프에이,"['플렉서블 디스플레이', 'OLED(유기 발광 다이오드)', 'LCD장비', '태양광에너지', '반도체 장비', '우주항공산업', '핵융합에너지']"
46,140860,파크시스템스,
47,336570,원텍,"['로봇(산업용/협동로봇 등)', '플렉서블 디스플레이', '2차전지(장비)', 'OLED(유기 발광 다이오드)', '2차전지', 'LCD장비', '의료기기', '2019 하반기 신규상장', '미용기기']"
48,036930,주성엔지니어링,"['플렉서블 디스플레이', 'LED장비', 'OLED(유기 발광 다이오드)', 'LCD장비', '태양광에너지', '반도체 장비']"
49,222800,심텍,"['SSD', '지주사', 'PCB(FPCB 등)']"
50,225570,넥슨게임즈,"['크래프톤 관련주', '게임', '모바일게임(스마트폰)']"
51,096530,씨젠,"['K-뉴딜지수(바이오)', 'K-뉴딜지수(바이오)', 'K-뉴딜지수', '코로나19(진단/치료제/백신 개발 등)', '코로나19(진단/치료제/백신 개발 등)', '백신/진단시약/방역(신종플루, AI 등)', '코로나19(진단키트)', '엠폭스(원숭이두창)', '슈퍼박테리아', '유전자 치료제/분석']"
52,348370,엔켐,"['2차전지', '2차전지(소재/부품)', '2021 하반기 신규상장', '전기차']"
53,039200,오스코텍,"['면역항암제', '치아 치료(임플란트 등)', '고령화 사회(노인복지)']"
54,213420,덕산네오룩스,"['플렉서블 디스플레이', '아이폰', 'OLED(유기 발광 다이오드)', '갤럭시 부품주', '스마트폰']"
55,281740,레이크머티리얼즈,"['태양광에너지', 'LED', '반도체 재료/부품']"
56,064550,바이오니아,"['탈모 치료', '수자원(양적/질적 개선)', '코로나19(진단/치료제/백신 개발 등)', '코로나19(진단/치료제/백신 개발 등)', '백신/진단시약/방역(신종플루, AI 등)', '코로나19(진단키트)', '엠폭스(원숭이두창)', '메르스 코로나 바이러스', '유전자 치료제/분석', '2019 하반기 신규상장']"
57,064760,티씨케이,"['LED장비', '태양광에너지', '반도체 장비', '반도체 재료/부품']"
58,195940,HK이노엔,"['건강기능식품', '엠폭스(원숭이두창)', '2021 하반기 신규상장', '제약업체', '음식료업종']"
59,048410,현대바이오,"['탈모 치료', '코로나19(진단/치료제/백신 개발 등)', '코로나19(진단/치료제/백신 개발 등)', '엠폭스(원숭이두창)', '화장품', '치아 치료(임플란트 등)', '코로나19(치료제/백신 개발 등)', '고령화 사회(노인복지)']"
60,287410,제이시스메디칼,"['의료기기', '미용기기']"
61,420770,기가비스,"['반도체 장비', '2023 상반기 신규상장']"
62,101490,에스앤에스텍,"['LCD 부품/소재', '日 수출 규제(국산화 등)', '시스템반도체', '반도체 재료/부품']"
63,299030,하나기술,"['2차전지(장비)', '2차전지', '폐배터리', '2020 하반기 신규상장']"
64,310210,보로노이,"['2022 상반기 신규상장', '치매']"
65,085370,루트로닉,"['의료기기', '미용기기']"
66,060280,큐렉소,"['지능형로봇/인공지능(AI)', '4차산업 수혜주', '의료기기', '고령화 사회(노인복지)']"
67,085660,차바이오텍,"['면역항암제', '제대혈', '줄기세포', '고령화 사회(노인복지)', 'U-Healthcare(원격진료)']"
68,091120,이엠텍,"['전력저장장치(ESS)', '2021 하반기 신규상장', '휴대폰부품', '전기차', '전기차(충전소/충전기)', '스마트폰']"
69,058970,엠로,"['지능형로봇/인공지능(AI)', '모바일솔루션(스마트폰)', '2021 하반기 신규상장', '클라우드 컴퓨팅']"
70,376300,디어유,"['메타버스(Metaverse)', '2021 하반기 신규상장', '엔터테인먼트', 'K-뉴딜지수(인터넷)']"
71,067310,하나마이크론,"['시스템반도체', 'SSD', '반도체 장비', '반도체 재료/부품']"
72,418550,제이오,"['탄소나노튜브(CNT)', '2차전지', '2023 상반기 신규상장']"
73,067160,아프리카TV,"['가상현실(VR)', 'K-뉴딜지수', 'NFT(대체불가토큰)', 'SNS(소셜네트워크서비스)', '스포츠행사 수혜(올림픽, 월드컵 등)', 'K-뉴딜지수(인터넷)']"
74,099190,아이센스,"['의료기기', '고령화 사회(노인복지)']"
75,141080,레고켐바이오,"['코로나19(진단/치료제/백신 개발 등)', '코로나19(진단/치료제/백신 개발 등)', '슈퍼박테리아', '코로나19(치료제/백신 개발 등)', '의료기기']"
76,189300,인텔리안테크,"['우주항공산업', '통신장비']"
77,098460,고영,"['스마트팩토리(스마트공장)', '지능형로봇/인공지능(AI)', '시스템반도체', '반도체 장비']"
78,067630,HLB생명과학,['줄기세포']
79,298380,에이비엘바이오,"['치매', '면역항암제']"
80,166090,하나머티리얼즈,['반도체 재료/부품']
81,003380,하림지주,['지주사']
82,294090,이오플로우,"['2020 하반기 신규상장', '의료기기', '맥신(MXene)']"
83,348210,넥스틴,"['2020 하반기 신규상장', '반도체 장비']"
84,095660,네오위즈,"['게임', '모바일게임(스마트폰)', 'K-뉴딜지수', '블록체인', '지주사', 'K-뉴딜지수(게임)', '모바일콘텐츠(스마트폰/태블릿PC)', '가상화폐(비트코인 등)']"
85,087010,펩트론,"['코로나19(진단/치료제/백신 개발 등)', '코로나19(진단/치료제/백신 개발 등)', '치매', '코로나19(나파모스타트)']"
86,015750,성우하이텍,"['2차전지', '2차전지(소재/부품)', '자동차부품']"
87,036540,SFA반도체,"['시스템반도체', 'SSD', '반도체 장비']"
88,016790,카나리아바이오,"['사료', '면역항암제', '아프리카 돼지열병(ASF)']"
89,290650,엘앤씨바이오,"['화장품', '의료기기']"
90,036830,솔브레인홀딩스,"['LCD 부품/소재', '日 수출 규제(국산화 등)', '2차전지', '지주사', '반도체 재료/부품']"
91,272290,이녹스첨단소재,"['폴더블폰', '아이폰', '日 수출 규제(국산화 등)', 'OLED(유기 발광 다이오드)', '갤럭시 부품주', 'PCB(FPCB 등)', '반도체 재료/부품']"
92,222080,씨아이에스,"['2차전지(LFP/리튬인산철)', '2차전지(전고체)', '2차전지(장비)', '전력저장장치(ESS)', '2차전지', '2020 상반기 신규상장', '리비안(RIVIAN)', '전기차']"
93,025900,동화기업,"['2차전지(전고체)', '리모델링/인테리어', '2차전지', '2차전지(소재/부품)']"
94,084370,유진테크,['반도체 장비']
95,074600,원익QnC,['반도체 재료/부품']
96,025980,아난티,"['남북경협', '골프']"
97,352480,씨앤씨인터내셔널,"['2021 상반기 신규상장', '화장품']"
98,046890,서울반도체,"['마이크로 LED', '휴대폰부품', 'LED']"
99,058610,에스피지,"['로봇(산업용/협동로봇 등)', '전기자전거', '제습기', '공기청정기', '가상현실(VR)', '철도']"
100,131970,두산테스나,"['시스템반도체', '사물인터넷']"
101,950160,코오롱티슈진,['고령화 사회(노인복지)']
102,053800,안랩,"['K-뉴딜지수', '클라우드 컴퓨팅', 'K-뉴딜지수(인터넷)', '보안주(정보)']"
103,360070,탑머티리얼,['2차전지']
104,086450,동국제약,"['마스크', '제약업체']"
105,439090,마녀공장,"['화장품', '2023 상반기 신규상장']"
106,378340,필에너지,"['2023 하반기 신규상장', '2차전지(장비)', '2차전지']"
107,095500,미래나노텍,"['터치패널(스마트폰/태블릿PC 등)', '리튬', 'LCD 부품/소재', '태블릿PC', '페라이트']"
108,052020,에스티큐브,"['지능형로봇/인공지능(AI)', '면역항암제']"
109,114190,강원에너지,"['리튬', '원자력발전', '원자력발전']"
110,078340,컴투스,"['게임', '모바일게임(스마트폰)', '메타버스(Metaverse)', 'K-뉴딜지수', 'NFT(대체불가토큰)', '지주사', 'K-뉴딜지수(게임)', '모바일콘텐츠(스마트폰/태블릿PC)']"
111,182400,엔케이맥스,"['건강기능식품', '백신/진단시약/방역(신종플루, AI 등)', '면역항암제']"
112,144510,지씨셀,"['면역항암제', '제대혈', '줄기세포', '콜드체인(저온 유통)']"
113,215200,메가스터디교육,['교육/온라인 교육']
114,228760,지노믹트리,"['코로나19(진단/치료제/백신 개발 등)', '코로나19(진단/치료제/백신 개발 등)', '코로나19(진단키트)', '2019 상반기 신규상장', '유전자 치료제/분석']"
115,178320,서진시스템,"['전력저장장치(ESS)', 'K-뉴딜지수', '휴대폰부품', '반도체 장비', 'K-뉴딜지수(인터넷)', '스마트폰', '5G(5세대 이동통신)', '통신장비']"
116,006730,서부T&D,
117,243070,휴온스,"['보톡스(보툴리눔톡신)', '건강기능식품', '코로나19(진단/치료제/백신 개발 등)', '코로나19(진단/치료제/백신 개발 등)', '코로나19(진단키트)', '제약업체', '지주사', '코로나19(덱사메타손)', '코로나19(스푸트니크V)', '미용기기']"
118,108860,셀바스AI,"['지능형로봇/인공지능(AI)', '모바일솔루션(스마트폰)', '4차산업 수혜주', '메타버스(Metaverse)', 'AI 챗봇(챗GPT 등)', '태블릿PC', '모바일콘텐츠(스마트폰/태블릿PC)', '음성인식']"
119,033290,코웰패션,"['패션/의류', '수소차(연료전지/부품/충전소 등)']"
120,215000,골프존,"['K-뉴딜지수', '지주사', 'K-뉴딜지수(게임)', '겨울', '골프']"
121,183300,코미코,"['태양광에너지', '반도체 장비']"
122,200130,콜마비앤에이치,"['건강기능식품', '화장품']"
123,204270,제이앤티씨,"['휴대폰부품', '2020 상반기 신규상장', '갤럭시 부품주', '스마트폰']"
124,084850,아이티엠반도체,"['아이폰', '2차전지', '2차전지(소재/부품)', '2019 하반기 신규상장']"
125,151860,KG ETS,['폐기물처리']
126,083310,엘오티베큠,"['OLED(유기 발광 다이오드)', 'LCD장비', '태양광에너지', '반도체 장비']"
127,031980,피에스케이홀딩스,['반도체 장비']
128,082270,젬백스,"['증강현실(AR)', '모바일솔루션(스마트폰)', '패션/의류', '치매', 'SNS(소셜네트워크서비스)', '클라우드 컴퓨팅', '바이오인식(생체인식)']"
129,119860,커넥트웨이브,['소매유통']
130,079810,디이엔티,"['플렉서블 디스플레이', '2차전지(장비)', '日 수출 규제(국산화 등)', '2차전지', 'LCD장비']"
131,194480,데브시스터즈,"['모바일게임(스마트폰)', 'K-뉴딜지수(게임)', '캐릭터상품']"
132,358570,지아이이노베이션,"['면역항암제', '2023 상반기 신규상장']"
133,023160,태광,"['석유화학', '홈쇼핑', '화학섬유', '피팅(관이음쇠)/밸브', '조선기자재', '원자력발전', '원자력발전', '케이블TV SO/MSO']"
134,094170,동운아나텍,"['폴더블폰', '가상현실(VR)', '바이오인식(생체인식)', '카메라모듈/부품', '스마트폰', '반도체 재료/부품']"
135,319660,피에스케이,"['시스템반도체', '반도체 장비']"
136,299900,위지윅스튜디오,"['증강현실(AR)', '가상현실(VR)', '메타버스(Metaverse)', '영상콘텐츠']"
137,032190,다우데이타,"['핀테크(FinTech)', '보안주(정보)']"
138,082920,비츠로셀,['전력저장장치(ESS)']
139,215600,신라젠,"['면역항암제', '유전자 치료제/분석']"
140,068240,다원시스,"['철도', '태양광에너지', '핵융합에너지']"
141,117730,티로보틱스,"['로봇(산업용/협동로봇 등)', '지능형로봇/인공지능(AI)', 'OLED(유기 발광 다이오드)', 'LCD장비', '의료기기']"
142,043150,바텍,"['폴더블폰', 'LCD 부품/소재', '희귀금속(희토류 등)', '치아 치료(임플란트 등)', '휴대폰부품', '태블릿PC', '의료기기', '갤럭시 부품주', '고령화 사회(노인복지)', 'MLCC(적층세라믹콘덴서)', '스마트폰']"
143,069080,웹젠,"['게임', '모바일게임(스마트폰)', 'K-뉴딜지수', 'K-뉴딜지수(게임)']"
144,007390,네이처셀,"['코로나19(진단/치료제/백신 개발 등)', '코로나19(진단/치료제/백신 개발 등)', '치매', '화장품', '줄기세포', '코로나19(치료제/백신 개발 등)', '음식료업종']"
145,257720,실리콘투,"['화장품', '2021 하반기 신규상장']"
146,091700,파트론,"['태블릿PC', '삼성페이', '갤럭시 부품주', '바이오인식(생체인식)', '카메라모듈/부품', '스마트폰', 'RFID(NFC 등)', '음성인식']"
147,044490,태웅,"['풍력에너지', '조선기자재', '원자력발전', '원자력발전', '종합 물류', '우주항공산업', '2019 하반기 신규상장']"
148,053610,프로텍,"['3D 프린터', 'LED장비', '아이폰', '반도체 장비', '전자파']"
149,323990,박셀바이오,"['면역항암제', '2020 하반기 신규상장']"
150,119610,인터로조,"['의료기기', '고령화 사회(노인복지)']"
151,101670,하이드로리튬,"['태풍 및 장마', '리튬', 'DMZ 평화공원', '4대강 복원', '재난/안전(지진 등)']"
152,049070,인탑스,"['자동차부품', '휴대폰부품', '갤럭시 부품주', '스마트폰']"
153,354320,알멕,"['2차전지', '2차전지(소재/부품)', '비철금속', '자동차부품', '리비안(RIVIAN)', '전기차', '2023 상반기 신규상장']"
154,338220,뷰노,"['지능형로봇/인공지능(AI)', '2021 상반기 신규상장', '의료기기']"
155,218410,RFHIC,"['5G(5세대 이동통신)', '통신장비']"
156,399720,가온칩스,"['시스템반도체', '2022 상반기 신규상장']"
157,099430,바이오플러스,"['2021 하반기 신규상장', '의료기기']"
158,036810,에프에스티,"['LCD 부품/소재', '반도체 장비', '바이오인식(생체인식)', '반도체 재료/부품']"
159,039840,디오,"['3D 프린터', '증강현실(AR)', '가상현실(VR)', '메타버스(Metaverse)', '영화', '화장품', '치아 치료(임플란트 등)', '의료기기', '엔터테인먼트', '영상콘텐츠', '웹툰', '2023 상반기 신규상장', '모바일콘텐츠(스마트폰/태블릿PC)']"
160,131290,티에스이,"['LED장비', 'OLED(유기 발광 다이오드)', '반도체 장비']"
161,064290,인텍플러스,['반도체 장비']
162,322510,제이엘케이,"['지능형로봇/인공지능(AI)', '의료기기', '2019 하반기 신규상장', 'U-Healthcare(원격진료)']"
163,217270,넵튠,"['크래프톤 관련주', '게임', '모바일게임(스마트폰)', '메타버스(Metaverse)']"
164,389260,대명에너지,"['풍력에너지', '태양광에너지', '2022 상반기 신규상장']"
165,042600,새로닉스,
166,206640,바디텍메드,"['코로나19(진단/치료제/백신 개발 등)', '코로나19(진단/치료제/백신 개발 등)', '백신/진단시약/방역(신종플루, AI 등)', '코로나19(진단키트)', '엠폭스(원숭이두창)', '의료기기']"
167,335890,비올,"['의료기기', '2019 하반기 신규상장', '미용기기']"
168,032500,케이엠더블유,"['K-뉴딜지수', 'K-뉴딜지수(인터넷)', 'LED', '5G(5세대 이동통신)', '통신장비']"
169,425040,티이엠씨,"['2023 상반기 신규상장', '반도체 재료/부품']"
170,314930,바이오다인,"['2021 상반기 신규상장', '의료기기']"
171,033100,제룡전기,"['철도', '전력설비']"
172,073570,리튬포어스,"['리튬', '태블릿PC', '캐릭터상품', '반도체 장비']"
173,014620,성광벤드,"['피팅(관이음쇠)/밸브', '조선기자재', '원자력발전', '원자력발전']"
174,298830,슈어소프트테크,['2023 상반기 신규상장']
175,319400,현대무벡스,"['로봇(산업용/협동로봇 등)', '스마트팩토리(스마트공장)', '2019 상반기 신규상장', 'SI(시스템통합)']"
176,200670,휴메딕스,"['코로나19(덱사메타손)', '코로나19(스푸트니크V)', '미용기기']"
177,018290,브이티,"['2차전지(LFP/리튬인산철)', '화장품', '사물인터넷']"
178,417010,나노팀,"['2차전지', '2차전지(소재/부품)', '전기차', '2023 상반기 신규상장']"
179,101160,월덱스,['반도체 재료/부품']
180,107600,새빗켐,"['리튬', '2차전지', '폐배터리']"
181,304100,솔트룩스,"['지능형로봇/인공지능(AI)', 'AI 챗봇(챗GPT 등)', '2020 하반기 신규상장', '클라우드 컴퓨팅']"
182,048530,인트론바이오,"['코로나19(진단/치료제/백신 개발 등)', '코로나19(진단/치료제/백신 개발 등)', '백신/진단시약/방역(신종플루, AI 등)', '코로나19(진단키트)', '슈퍼박테리아', '마이크로바이옴', '마이크로바이옴']"
183,228670,레이,"['종합상사', '우크라이나 재건', '플렉서블 디스플레이', '증강현실(AR)', '북한 광물자원개발', '게임', 'IT 대표주', '2023 하반기 신규상장', '폴더블폰', '가상현실(VR)', 'LCD 부품/소재', 'LED장비', '아이폰', 'OLED(유기 발광 다이오드)', '자원개발', '모바일게임(스마트폰)', '태양광에너지', '광고', 'NFT(대체불가토큰)', '2022 상반기 신규상장', '자동차부품', '패션/의류', '엠폭스(원숭이두창)', '화장품', '치아 치료(임플란트 등)', '2020 하반기 신규상장', '휴대폰부품', '2020 상반기 신규상장', '태블릿PC', '메르스 코로나 바이러스', '의료기기', '스포츠행사 수혜(올림픽, 월드컵 등)', '반도체 장비', '자율주행차', '전기차(충전소/충전기)', '드론(Drone)', 'LED', '가상화폐(비트코인 등)', '2019 하반기 신규상장', '스마트폰', '국내 상장 중국기업', '반도체 재료/부품', '코로나19(혈장치료/혈장치료제)']"
184,095700,제넥신,"['코로나19(진단/치료제/백신 개발 등)', '코로나19(진단/치료제/백신 개발 등)', '면역항암제', '코로나19(치료제/백신 개발 등)', '유전자 치료제/분석']"
185,040300,YTN,"['미디어(방송/신문)', '모바일콘텐츠(스마트폰/태블릿PC)']"
186,118990,모트렉스,"['스마트카(SMART CAR)', '자동차부품', '자율주행차', '전기차(충전소/충전기)']"
187,033500,동성화인텍,"['셰일가스(Shale Gas)', 'LNG(액화천연가스)', '조선기자재']"
188,297090,씨에스베어링,"['풍력에너지', '2019 하반기 신규상장']"
189,036620,감성코퍼레이션,"['패션/의류', '가상화폐(비트코인 등)']"
190,340570,티앤엘,"['2020 하반기 신규상장', '의료기기']"
191,033640,네패스,"['지능형로봇/인공지능(AI)', 'LCD 부품/소재', '시스템반도체', '2020 하반기 신규상장', '반도체 장비', '반도체 재료/부품']"
192,060150,인선이엔티,"['태풍 및 장마', '폐기물처리', '폐배터리']"
193,039440,에스티아이,"['3D 프린터', 'LCD장비', '반도체 장비']"
194,394280,오픈엣지테크놀로지,['시스템반도체']
195,402030,코난테크놀로지,"['지능형로봇/인공지능(AI)', 'AI 챗봇(챗GPT 등)']"
196,237880,클리오,['화장품']
197,214680,디알텍,['의료기기']
198,095610,테스,"['태양광에너지', '시스템반도체', '사물인터넷', '반도체 장비']"
199,243840,신흥에스이씨,"['2차전지', '2차전지(소재/부품)', '전기차']"
200,079370,제우스,"['로봇(산업용/협동로봇 등)', 'LCD장비', '태양광에너지', '반도체 장비']"
201,089980,상아프론테크,"['OLED(유기 발광 다이오드)', '전력저장장치(ESS)', '2차전지', '2차전지(소재/부품)', 'LCD장비', '황사/미세먼지', '수소차(연료전지/부품/충전소 등)', '전기차', 'PCB(FPCB 등)']"
202,348340,뉴로메카,['로봇(산업용/협동로봇 등)']
203,216080,제테마,"['보톡스(보툴리눔톡신)', '의료기기', '2019 하반기 신규상장', '코로나19(스푸트니크V)']"
204,282880,코윈테크,"['스마트팩토리(스마트공장)', '2차전지(LFP/리튬인산철)', '2차전지(장비)', '2차전지', '2019 하반기 신규상장']"
205,101360,에코앤드림,"['2차전지', '2차전지(소재/부품)', '2020 하반기 신규상장']"
206,084650,랩지노믹스,"['코로나19(진단/치료제/백신 개발 등)', '코로나19(진단/치료제/백신 개발 등)', '백신/진단시약/방역(신종플루, AI 등)', '코로나19(진단키트)', '엠폭스(원숭이두창)', '의료기기', '유전자 치료제/분석', '마이크로바이옴', '마이크로바이옴']"
207,054950,제이브이엠,
208,270520,지오릿에너지,['리튬']
209,267980,매일유업,"['출산장려정책', '엔젤산업', '음식료업종']"
210,038500,삼표시멘트,['시멘트/레미콘']
211,179900,유티아이,"['플렉서블 디스플레이', '폴더블폰', '태블릿PC', '갤럭시 부품주', '스마트폰']"
212,217820,원익피앤이,"['2차전지(장비)', '전력저장장치(ESS)', '2차전지', '폐배터리', '초전도체', '전기차', '전기차(충전소/충전기)']"
213,053080,케이엔솔,"['코로나19(음압병실/음압구급차)', '2차전지', '2020 하반기 신규상장', '반도체 장비']"
214,025770,한국정보통신,"['전자결제(전자화폐)', '면세점', '핀테크(FinTech)', '삼성페이', '쿠팡(coupang)', 'MVNO(가상이동통신망사업자)', '애플페이']"
215,251970,펌텍코리아,"['화장품', '2019 하반기 신규상장']"
216,047920,HLB제약,"['치매', '제약업체', '고령화 사회(노인복지)']"
217,060250,NHN KCP,"['K-뉴딜지수', '전자결제(전자화폐)', '핀테크(FinTech)', '삼성페이', 'K-뉴딜지수(인터넷)', '애플페이']"
218,092040,아미코젠,"['건강기능식품', '유전자 치료제/분석']"
219,025320,시노펙스,"['수자원(양적/질적 개선)', '자동차부품', '수소차(연료전지/부품/충전소 등)', '태블릿PC', '갤럭시 부품주', 'PCB(FPCB 등)', '스마트폰', '코로나19(혈장치료/혈장치료제)']"
220,307750,국전약품,"['코로나19(진단/치료제/백신 개발 등)', '코로나19(진단/치료제/백신 개발 등)', '치매', '제약업체', '코로나19(치료제/백신 개발 등)', '코로나19(나파모스타트)']"
221,029960,코엔텍,"['태풍 및 장마', '폐기물처리', '4대강 복원']"
222,122640,예스티,"['LED장비', 'OLED(유기 발광 다이오드)', 'LCD장비', '반도체 장비']"
223,297890,HB솔루션,"['플렉서블 디스플레이', 'OLED(유기 발광 다이오드)', 'LCD장비', '2020 상반기 신규상장']"
224,382840,원준,"['2차전지(장비)', '2차전지', '2021 하반기 신규상장']"
225,041960,코미팜,"['코로나19(진단/치료제/백신 개발 등)', '코로나19(진단/치료제/백신 개발 등)', '백신/진단시약/방역(신종플루, AI 등)', '코로나19(치료제/백신 개발 등)', '아프리카 돼지열병(ASF)']"
226,047310,파워로직스,"['전기자전거', '전력저장장치(ESS)', '2차전지', '2차전지(소재/부품)', '폐배터리', '휴대폰부품', '초전도체', '갤럭시 부품주', '전기차', '바이오인식(생체인식)', '카메라모듈/부품', '스마트폰']"
227,108490,로보티즈,['지능형로봇/인공지능(AI)']
228,056080,유진로봇,"['지능형로봇/인공지능(AI)', 'DMZ 평화공원', '엔젤산업', '캐릭터상품', '사물인터넷', '자율주행차']"
229,034950,한국기업평가,
230,060720,KH바텍,"['폴더블폰', '휴대폰부품', '갤럭시 부품주', '스마트폰']"
231,013030,하이록코리아,"['피팅(관이음쇠)/밸브', '철도', '조선기자재', '원자력발전', '원자력발전']"
232,290670,대보마그네틱,"['리튬', '2차전지(장비)', '2차전지']"
233,077360,덕산하이메탈,"['그래핀', '지주사', '우주항공산업', '드론(Drone)', '반도체 재료/부품']"
234,136480,하림,"['구제역/광우병 수혜', '지주사', '여름', '아프리카 돼지열병(ASF)', '스포츠행사 수혜(올림픽, 월드컵 등)', '육계']"
235,285490,노바텍,"['폴더블폰', '희귀금속(희토류 등)', '태블릿PC', '스마트폰']"
236,059090,미코,"['2차전지(전고체)', '건강기능식품', '2차전지', '태양광에너지', '코로나19(진단/치료제/백신 개발 등)', '코로나19(진단/치료제/백신 개발 등)', '백신/진단시약/방역(신종플루, AI 등)', '코로나19(진단키트)', '엠폭스(원숭이두창)', '수소차(연료전지/부품/충전소 등)', '2020 하반기 신규상장', '의료기기', '반도체 장비', '유전자 치료제/분석', '반도체 재료/부품']"
237,058820,CMG제약,"['제약업체', '코로나19(나파모스타트)']"
238,041830,인바디,"['의료기기', '고령화 사회(노인복지)', 'U-Healthcare(원격진료)']"
239,049950,미래컴퍼니,"['지능형로봇/인공지능(AI)', '2차전지(전고체)', 'LED장비', 'OLED(유기 발광 다이오드)', '2차전지', 'LCD장비', '의료기기']"
240,230240,에치에프알,"['5G(5세대 이동통신)', '통신장비']"
241,108230,톱텍,"['스마트팩토리(스마트공장)', '2차전지(장비)', 'OLED(유기 발광 다이오드)', '2차전지', 'LCD장비', '태양광에너지', '마스크']"
242,050890,쏠리드,"['제4이동통신', '5G(5세대 이동통신)', '양자암호', '통신장비']"
243,206650,유바이오로직스,"['보톡스(보툴리눔톡신)', '코로나19(진단/치료제/백신 개발 등)', '코로나19(진단/치료제/백신 개발 등)', '백신/진단시약/방역(신종플루, AI 등)', '코로나19(진단키트)', '코로나19(치료제/백신 개발 등)', '마이크로바이옴', '마이크로바이옴']"
244,093320,케이아이엔엑스,['클라우드 컴퓨팅']
245,089970,에이피티씨,['반도체 장비']
246,033160,엠케이전자,"['2차전지', '2차전지(소재/부품)', '반도체 재료/부품']"
247,030520,한글과컴퓨터,"['메타버스(Metaverse)', 'AI 챗봇(챗GPT 등)', '우주항공산업', '클라우드 컴퓨팅', '모바일콘텐츠(스마트폰/태블릿PC)']"
248,104830,원익머트리얼즈,"['LCD 부품/소재', 'OLED(유기 발광 다이오드)', '수소차(연료전지/부품/충전소 등)', '반도체 재료/부품']"
249,205470,휴마시스,"['코로나19(진단/치료제/백신 개발 등)', '코로나19(진단/치료제/백신 개발 등)', '코로나19(진단키트)', '엠폭스(원숭이두창)', '의료기기']"
250,230360,에코마케팅,['광고']
251,035890,서희건설,"['건설 중소형', 'DMZ 평화공원']"
252,204620,글로벌텍스프리,"['AI 챗봇(챗GPT 등)', '면세점']"
253,298540,더네이쳐홀딩스,"['패션/의류', '2020 하반기 신규상장']"
254,102940,코오롱생명과학,"['수자원(양적/질적 개선)', '제약업체', '유전자 치료제/분석']"
255,080160,모두투어,"['환율하락 수혜', '여행']"
256,425420,티에프이,['반도체 장비']
257,060590,씨티씨바이오,"['코로나19(진단/치료제/백신 개발 등)', '코로나19(진단/치료제/백신 개발 등)', '백신/진단시약/방역(신종플루, AI 등)', '코로나19(진단키트)', '치매', '사료', '아프리카 돼지열병(ASF)']"
258,013120,동원개발,['건설 중소형']
259,005160,동국산업,"['풍력에너지', '철강 중소형']"
260,126340,비나텍,"['전력저장장치(ESS)', '수소차(연료전지/부품/충전소 등)', '2020 하반기 신규상장']"
261,054450,텔레칩스,"['증강현실(AR)', '시스템반도체', '휴대폰부품', '태블릿PC', '자율주행차', '스마트폰']"
262,094360,칩스앤미디어,"['가상현실(VR)', '메타버스(Metaverse)', '시스템반도체', '자율주행차']"
263,254490,미래반도체,"['시스템반도체', '2023 상반기 신규상장']"
264,035600,KG이니시스,"['인터넷은행', 'K-뉴딜지수', '전자결제(전자화폐)', '핀테크(FinTech)', '삼성페이', 'K-뉴딜지수(인터넷)', '애플페이']"
265,089010,켐트로닉스,"['폴더블폰', 'LCD 부품/소재', '무선충전기술', '태블릿PC', '갤럭시 부품주', '자율주행차', '전자파', '스마트폰']"
266,084110,휴온스글로벌,"['보톡스(보툴리눔톡신)', '지주사', '코로나19(스푸트니크V)', '미용기기']"
267,232140,와이아이케이,['반도체 장비']
268,051360,토비스,"['터치패널(스마트폰/태블릿PC 등)', 'LCD 부품/소재', '카지노', '스마트폰']"
269,060370,KT서브마린,
270,045100,한양이엔지,"['LCD장비', '원자력발전', '원자력발전', '초전도체', '반도체 장비', '우주항공산업']"
271,061970,LB세미콘,['시스템반도체']
272,100120,뷰웍스,"['의료기기', '고령화 사회(노인복지)', '골프', 'U-Healthcare(원격진료)']"
273,041020,폴라리스오피스,"['모바일솔루션(스마트폰)', 'AI 챗봇(챗GPT 등)', 'NFT(대체불가토큰)', '클라우드 컴퓨팅', '재택근무/스마트워크', '모바일콘텐츠(스마트폰/태블릿PC)']"
274,102710,이엔에프테크놀로지,"['LCD 부품/소재', '반도체 재료/부품']"
275,235980,메드팩토,"['면역항암제', '2019 하반기 신규상장']"
276,083930,아바코,"['2차전지(전고체)', '2차전지(장비)', 'OLED(유기 발광 다이오드)', '2차전지', 'LCD장비', '태양광에너지']"
277,241710,코스메카코리아,['화장품']
278,088390,이녹스,"['폴더블폰', '아이폰', '日 수출 규제(국산화 등)', 'OLED(유기 발광 다이오드)', '2차전지', '2차전지(소재/부품)', '지주사', '갤럭시 부품주', 'PCB(FPCB 등)', '반도체 재료/부품']"
279,179290,엠아이텍,['의료기기']
280,051500,CJ프레시웨이,['음식료업종']
281,054210,이랜텍,"['전기자전거', '증강현실(AR)', '가상현실(VR)', '2차전지', '2차전지(소재/부품)', '메타버스(Metaverse)', '무선충전기술', '휴대폰부품', '갤럭시 부품주']"
282,950130,엑세스바이오,"['코로나19(진단/치료제/백신 개발 등)', '코로나19(진단/치료제/백신 개발 등)', '백신/진단시약/방역(신종플루, AI 등)', '코로나19(진단키트)', '엠폭스(원숭이두창)', '유전자 치료제/분석']"
283,090360,로보스타,"['로봇(산업용/협동로봇 등)', '3D 프린터', '지능형로봇/인공지능(AI)', '4차산업 수혜주', 'OLED(유기 발광 다이오드)', 'LCD장비', '반도체 장비']"
284,334970,프레스티지바이오로직스,"['2021 상반기 신규상장', '제약업체', '바이오시밀러(복제 바이오의약품)', '코로나19(스푸트니크V)']"
285,217330,싸이토젠,
286,256840,한국비엔씨,"['보톡스(보툴리눔톡신)', '마리화나(대마)', '코로나19(진단/치료제/백신 개발 등)', '코로나19(진단/치료제/백신 개발 등)', '코로나19(치료제/백신 개발 등)', '의료기기', '미용기기']"
287,123860,아나패스,"['LCD 부품/소재', '시스템반도체']"
288,101730,위메이드맥스,"['게임', '모바일게임(스마트폰)']"
289,042000,카페24,"['모바일솔루션(스마트폰)', '전자결제(전자화폐)']"
290,041190,우리기술투자,"['4차산업 수혜주', 'STO(증권형 토큰 발행)', '두나무(Dunamu)', '가상화폐(비트코인 등)']"
291,003800,에이스침대,
292,445680,큐리옥스바이오시스템즈,['2023 하반기 신규상장']
293,030960,양지사,['남북경협']
294,126700,하이비젼시스템,"['3D 프린터', '가상현실(VR)', '아이폰', '자율주행차', '카메라모듈/부품', '스마트폰']"
295,357550,석경에이티,['2020 하반기 신규상장']
296,036030,케이티알파,"['영상콘텐츠', '쿠팡(coupang)', '모바일콘텐츠(스마트폰/태블릿PC)']"
297,200710,에이디테크놀로지,"['시스템반도체', '사물인터넷']"
298,086390,유니테스트,"['태양광에너지', '반도체 장비']"
299,199800,툴젠,"['2021 하반기 신규상장', '유전자 치료제/분석']"
300,252990,샘씨엔에스,"['2021 상반기 신규상장', '반도체 재료/부품']"
301,053030,바이넥스,"['바이오시밀러(복제 바이오의약품)', '코로나19(스푸트니크V)']"
302,265520,AP시스템,"['플렉서블 디스플레이', 'OLED(유기 발광 다이오드)', 'LCD장비', '반도체 장비']"
303,017890,한국알콜,"['주류업(주정, 에탄올 등)']"
304,065510,휴비츠,"['황사/미세먼지', '의료기기', '고령화 사회(노인복지)', 'U-Healthcare(원격진료)']"
305,089030,테크윙,"['LCD장비', '시스템반도체', '반도체 장비', '반도체 재료/부품']"
306,347860,알체라,"['지능형로봇/인공지능(AI)', '메타버스(Metaverse)', '2020 하반기 신규상장', '바이오인식(생체인식)']"
307,182360,큐브엔터,['엔터테인먼트']
308,023410,유진기업,"['아스콘(아스팔트 콘크리트)', '시멘트/레미콘']"
309,115450,HLB테라퓨틱스,
310,090710,휴림로봇,"['로봇(산업용/협동로봇 등)', '스마트팩토리(스마트공장)', '3D 프린터', '지능형로봇/인공지능(AI)', '4차산업 수혜주', '원자력발전소 해체']"
311,131400,이브이첨단소재,"['리튬', 'PCB(FPCB 등)']"
312,099320,쎄트렉아이,"['우주항공산업', '드론(Drone)']"
313,317330,덕산테코피아,"['2차전지(전고체)', 'OLED(유기 발광 다이오드)', '2차전지', '2019 하반기 신규상장', '반도체 재료/부품']"
314,900290,GRT,"['지주사', '국내 상장 중국기업']"
315,144960,뉴파워프라즈마,"['LCD 부품/소재', 'OLED(유기 발광 다이오드)', '반도체 재료/부품']"
316,419050,삼기이브이,"['2차전지', '2차전지(소재/부품)', '전기차', '2023 상반기 신규상장']"
317,289220,자이언트스텝,"['2021 상반기 신규상장', '메타버스(Metaverse)', '영상콘텐츠', '모바일콘텐츠(스마트폰/태블릿PC)']"
318,441270,파인엠텍,"['폴더블폰', '휴대폰부품']"
319,027360,아주IB투자,"['크래프톤 관련주', '야놀자(Yanolja)', '코로나19(스푸트니크V)']"
320,064260,다날,"['증강현실(AR)', '게임', '모바일솔루션(스마트폰)', '가상현실(VR)', '인터넷은행', 'NFT(대체불가토큰)', '음원/음반', '전자결제(전자화폐)', '핀테크(FinTech)', '삼성페이', '쿠팡(coupang)', 'K-뉴딜지수(인터넷)', '모바일콘텐츠(스마트폰/태블릿PC)', '가상화폐(비트코인 등)']"
321,083790,CG인바이츠,"['코로나19(진단/치료제/백신 개발 등)', '코로나19(진단/치료제/백신 개발 등)', '면역항암제', '슈퍼박테리아', '코로나19(치료제/백신 개발 등)', '코로나19(카모스타트)']"
322,034810,해성산업,"['제지', '지주사']"
323,330860,네패스아크,"['시스템반도체', '2020 하반기 신규상장', '반도체 장비']"
324,018310,삼목에스폼,['리모델링/인테리어']
325,126600,BGF에코머티리얼즈,['자동차부품']
326,418250,시큐레터,"['2023 하반기 신규상장', '보안주(정보)']"
327,031330,에스에이엠티,"['LCD 부품/소재', '반도체 재료/부품']"
328,389500,에스비비테크,['로봇(산업용/협동로봇 등)']
329,036890,진성티이씨,"['건설기계', '수소차(연료전지/부품/충전소 등)']"
330,424960,스마트레이더시스템,"['2023 하반기 신규상장', '자율주행차', '드론(Drone)']"
331,277880,티에스아이,"['2차전지(전고체)', '2차전지(장비)', '2차전지', '2020 하반기 신규상장']"
332,220100,퓨쳐켐,"['치매', '고령화 사회(노인복지)']"
333,246710,티앤알바이오팹,"['3D 프린터', '의료기기']"
334,100790,미래에셋벤처투자,"['2019 상반기 신규상장', '마켓컬리(kurly)']"
335,042520,한스바이오메드,['의료기기']
336,086890,이수앱지스,"['치매', '면역항암제', '바이오시밀러(복제 바이오의약품)', '코로나19(스푸트니크V)']"
337,123040,엠에스오토텍,"['자동차부품', '전기차']"
338,214430,아이쓰리시스템,"['의료기기', '자율주행차']"
339,143160,아이디스,"['보안주(물리)', 'CCTV＆DVR', '지주사']"
340,093640,케이알엠,['시스템반도체']
341,038540,상상인,"['증권', '조선기자재', '2022 상반기 신규상장']"
342,174900,앱클론,"['코로나19(진단/치료제/백신 개발 등)', '코로나19(진단/치료제/백신 개발 등)', '면역항암제', '코로나19(치료제/백신 개발 등)', '고령화 사회(노인복지)']"
343,078150,HB테크놀러지,"['2차전지(장비)', 'OLED(유기 발광 다이오드)', '2차전지', 'LCD장비', '반도체 장비']"
344,036200,유니셈,"['핀테크(FinTech)', '반도체 장비']"
345,114840,아이패밀리에스씨,"['화장품', '2021 하반기 신규상장']"
346,032620,유비케어,"['의료기기', '고령화 사회(노인복지)', 'U-Healthcare(원격진료)']"
347,396270,넥스트칩,"['시스템반도체', '자율주행차']"
348,125210,아모그린텍,"['2차전지(LFP/리튬인산철)', '2019 상반기 신규상장', '갤럭시 부품주', '리비안(RIVIAN)', '전기차', '페라이트', 'PCB(FPCB 등)', '스마트폰']"
349,030530,원익홀딩스,
350,278650,HLB바이오스텝,"['마리화나(대마)', '2019 하반기 신규상장']"
351,365590,하이딥,"['터치패널(스마트폰/태블릿PC 등)', '2020 하반기 신규상장']"
352,052400,코나아이,"['인터넷은행', '핀테크(FinTech)', '삼성페이', 'RFID(NFC 등)']"
353,057680,티사이언티픽,"['모바일콘텐츠(스마트폰/태블릿PC)', '가상화폐(비트코인 등)']"
354,063170,서울옥션,"['STO(증권형 토큰 발행)', 'NFT(대체불가토큰)']"
355,138580,비즈니스온,
356,073640,테라사이언스,['건설기계']
357,315640,딥노이드,"['지능형로봇/인공지능(AI)', '2021 하반기 신규상장', '의료기기']"
358,080420,모다이노칩,"['휴대폰부품', '스마트폰']"
359,194700,노바렉스,"['건강기능식품', '음식료업종']"
360,051370,인터플렉스,"['플렉서블 디스플레이', '폴더블폰', '아이폰', '휴대폰부품', '갤럭시 부품주', 'PCB(FPCB 등)', '스마트폰']"
361,114810,한솔아이원스,"['LCD 부품/소재', 'OLED(유기 발광 다이오드)', '반도체 재료/부품']"
362,226330,신테카바이오,"['지능형로봇/인공지능(AI)', '유전자 치료제/분석', '2019 하반기 신규상장']"
363,356860,티엘비,"['2020 하반기 신규상장', 'PCB(FPCB 등)']"
364,092070,디엔에프,['반도체 재료/부품']
365,397030,에이프릴바이오,
366,110790,크리스에프앤씨,"['패션/의류', '골프']"
367,234920,자이글,"['2차전지(LFP/리튬인산철)', '2차전지', '의료기기']"
368,024850,HLB이노베이션,['반도체 재료/부품']
369,314130,지놈앤컴퍼니,"['2020 하반기 신규상장', '유전자 치료제/분석', '마이크로바이옴', '마이크로바이옴']"
370,042420,네오위즈홀딩스,"['게임', '모바일게임(스마트폰)', '블록체인', '지주사', '모바일콘텐츠(스마트폰/태블릿PC)', '가상화폐(비트코인 등)']"
371,083650,비에이치아이,"['셰일가스(Shale Gas)', 'LNG(액화천연가스)', '원자력발전', '원자력발전', '원자력발전소 해체']"
372,149950,아바텍,"['LCD 부품/소재', '태블릿PC', 'MLCC(적층세라믹콘덴서)']"
373,063570,한국전자금융,"['화폐/금융자동화기기(디지털화폐 등)', '전기차(충전소/충전기)', '키오스크(KIOSK)']"
374,900250,크리스탈신소재,"['그래핀', '국내 상장 중국기업']"
375,294570,쿠콘,"['2021 상반기 신규상장', '전자결제(전자화폐)', '마이데이터']"
376,036800,나이스정보통신,"['삼성페이', '애플페이']"
377,091580,상신이디피,"['2차전지', '2차전지(소재/부품)', '휴대폰부품', '리비안(RIVIAN)', '전기차']"
378,293780,압타바이오,"['코로나19(진단/치료제/백신 개발 등)', '코로나19(진단/치료제/백신 개발 등)', '면역항암제', '2019 상반기 신규상장', '코로나19(치료제/백신 개발 등)']"
379,104460,디와이피엔에프,
380,078070,유비쿼스홀딩스,"['K-뉴딜지수', '지주사', 'K-뉴딜지수(인터넷)']"
381,262260,에이프로,"['2차전지(장비)', '2차전지', '모바일게임(스마트폰)', '백신/진단시약/방역(신종플루, AI 등)', '치매', '원자력발전', '원자력발전', '제약업체', '2020 하반기 신규상장', '메르스 코로나 바이러스', '바이오시밀러(복제 바이오의약품)']"
382,027710,팜스토리,"['사료', '구제역/광우병 수혜', '여름', '아프리카 돼지열병(ASF)', '스포츠행사 수혜(올림픽, 월드컵 등)', '육계']"
383,109610,에스와이,"['모듈러주택', '우크라이나 재건', '코로나19(음압병실/음압구급차)', '태양광에너지']"
384,418420,라온텍,"['증강현실(AR)', '가상현실(VR)', '마이크로 LED', '2023 상반기 신규상장']"
385,083450,GST,"['반도체 장비', '콜드체인(저온 유통)']"
386,143240,사람인,['일자리(취업)']
387,225530,보광산업,"['아스콘(아스팔트 콘크리트)', '시멘트/레미콘']"
388,045390,대아티아이,['철도']
389,267320,나인테크,"['2차전지(장비)', 'OLED(유기 발광 다이오드)', '2차전지', '맥신(MXene)']"
390,205100,엑셈,"['지능형로봇/인공지능(AI)', '인터넷은행', 'AI 챗봇(챗GPT 등)', '카카오뱅크(kakao BANK)', '클라우드 컴퓨팅']"
391,950140,잉글우드랩,['화장품']
392,046440,KG모빌리언스,"['인터넷은행', '전자결제(전자화폐)', '핀테크(FinTech)', '삼성페이', '애플페이', '모바일콘텐츠(스마트폰/태블릿PC)', '가상화폐(비트코인 등)']"
393,388870,파로스아이바이오,['2023 하반기 신규상장']
394,045970,코아시아,"['시스템반도체', '지주사', '휴대폰부품', '엔터테인먼트', 'LED', '카메라모듈/부품', '음성인식']"
395,078020,이베스트투자증권,['증권']
396,173130,오파스넷,"['SI(시스템통합)', '재택근무/스마트워크', 'NI(네트워크통합)', '5G(5세대 이동통신)']"
397,035080,그래디언트,"['소매유통', '야놀자(Yanolja)', '지주사', '여행']"
398,226950,올릭스,"['탈모 치료', 'mRNA(메신저 리보핵산)']"
399,317770,엑스페릭스,"['바이오인식(생체인식)', '2019 하반기 신규상장']"
400,043610,지니뮤직,"['가상현실(VR)', '메타버스(Metaverse)', '음원/음반', '엔터테인먼트', '모바일콘텐츠(스마트폰/태블릿PC)']"
401,115960,연우,['화장품']
402,042370,비츠로테크,"['철도', '지주사', '전력설비', '우주항공산업', '원자력발전소 해체', '핵융합에너지']"
403,166480,코아스템켐온,['줄기세포']
404,370090,퓨런티어,"['2022 상반기 신규상장', '자율주행차', '카메라모듈/부품']"
405,161580,필옵틱스,"['플렉서블 디스플레이', '2차전지(장비)', 'OLED(유기 발광 다이오드)', '2차전지', 'PCB(FPCB 등)']"
406,092730,네오팜,"['건강기능식품', '출산장려정책', '화장품', '엔젤산업']"
407,089600,나스미디어,['광고']
408,190510,나무가,"['가상현실(VR)', '휴대폰부품', '갤럭시 부품주', '카메라모듈/부품', '스마트폰']"
409,214260,라파스,"['치매', '화장품', '2019 하반기 신규상장']"
410,005860,한일사료,"['사료', '구제역/광우병 수혜', '아프리카 돼지열병(ASF)']"
411,036560,영풍정밀,
412,206560,덱스터,"['증강현실(AR)', '가상현실(VR)', '메타버스(Metaverse)', '영화', '영상콘텐츠']"
413,032820,우리기술,"['지능형로봇/인공지능(AI)', '풍력에너지', '4차산업 수혜주', '철도', 'STO(증권형 토큰 발행)', '두나무(Dunamu)', '수자원(양적/질적 개선)', '원자력발전', '원자력발전', '원자력발전소 해체', '가상화폐(비트코인 등)']"
414,146320,비씨엔씨,"['2022 상반기 신규상장', '반도체 재료/부품']"
415,322310,오로스테크놀로지,"['2021 상반기 신규상장', '반도체 장비']"
416,094480,갤럭시아머니트리,"['모바일솔루션(스마트폰)', 'STO(증권형 토큰 발행)', 'NFT(대체불가토큰)', '전자결제(전자화폐)', '핀테크(FinTech)', 'SNS(소셜네트워크서비스)', '삼성페이', '쿠팡(coupang)', '가상화폐(비트코인 등)']"
417,119830,아이텍,"['지능형로봇/인공지능(AI)', '모바일솔루션(스마트폰)', '2차전지(장비)', '2차전지', '메타버스(Metaverse)', '시스템반도체', '2021 하반기 신규상장', '2020 상반기 신규상장', '의료기기', '콜드체인(저온 유통)']"
418,208370,셀바스헬스케어,['의료기기']
419,263720,디앤씨미디어,"['웹툰', '모바일콘텐츠(스마트폰/태블릿PC)']"
420,038290,마크로젠,"['코로나19(진단/치료제/백신 개발 등)', '코로나19(진단/치료제/백신 개발 등)', '줄기세포', '고령화 사회(노인복지)', '유전자 치료제/분석', '마이크로바이옴', '마이크로바이옴', 'U-Healthcare(원격진료)']"
421,950170,JTC,['면세점']
422,086980,쇼박스,"['영화', '영상콘텐츠', '쿠팡(coupang)']"
423,018000,유니슨,['풍력에너지']
424,171090,선익시스템,"['OLED(유기 발광 다이오드)', '메타버스(Metaverse)']"
425,180400,DXVX,"['메르스 코로나 바이러스', '마이크로바이옴', '마이크로바이옴']"
426,011040,경동제약,"['제약업체', '코로나19(덱사메타손)']"
427,067000,조이시티,"['게임', '모바일게임(스마트폰)', '웹툰']"
428,222810,세토피아,"['마리화나(대마)', '희귀금속(희토류 등)', '보안주(정보)']"
429,382900,범한퓨얼셀,"['2022 상반기 신규상장', '수소차(연료전지/부품/충전소 등)']"
430,039560,다산네트웍스,"['우크라이나 재건', '모바일솔루션(스마트폰)', '사물인터넷', '통신장비']"
431,037070,파세코,"['제습기', '리모델링/인테리어', '황사/미세먼지', '겨울', '여름']"
432,220260,켐트로스,"['온실가스(탄소배출권)', '日 수출 규제(국산화 등)', '2차전지', '2차전지(소재/부품)']"
433,388720,유일로보틱스,"['로봇(산업용/협동로봇 등)', '스마트팩토리(스마트공장)', '지능형로봇/인공지능(AI)', '2022 상반기 신규상장']"
434,048550,SM C&C,"['네옴시티', '광고', '엔터테인먼트', '영상콘텐츠', '여행']"
435,084990,헬릭스미스,"['건강기능식품', '면역항암제', '유전자 치료제/분석']"
436,164060,이루다,"['2020 하반기 신규상장', '의료기기', '미용기기']"
437,035810,이지홀딩스,"['사료', '구제역/광우병 수혜', '지주사', '여름', '아프리카 돼지열병(ASF)', '스포츠행사 수혜(올림픽, 월드컵 등)', '육계']"
438,192440,슈피겐코리아,"['아이폰', '화장품', '스마트폰']"
439,122450,KX,"['SSD', '케이블TV SO/MSO', '영상콘텐츠', '골프', '반도체 재료/부품']"
440,259630,엠플러스,"['2차전지(장비)', '전력저장장치(ESS)', '2차전지', '전기차']"
441,046210,HLB파나진,['유전자 치료제/분석']
442,053300,한국정보인증,"['인터넷은행', 'STO(증권형 토큰 발행)', '핀테크(FinTech)', '삼성페이', '보안주(정보)', '양자암호']"
443,215360,우리산업,"['자동차부품', '수소차(연료전지/부품/충전소 등)', '지주사', '리비안(RIVIAN)', '전기차']"
444,012860,모베이스전자,"['자동차부품', '리비안(RIVIAN)', '전기차']"
445,950220,네오이뮨텍,"['2021 상반기 신규상장', '면역항암제']"
446,388050,지투파워,"['전력저장장치(ESS)', '태양광에너지', '2022 상반기 신규상장', '원자력발전', '원자력발전', '전력설비']"
447,063080,컴투스홀딩스,"['게임', '모바일게임(스마트폰)', 'NFT(대체불가토큰)', '지주사', '모바일콘텐츠(스마트폰/태블릿PC)']"
448,251370,와이엠티,"['아이폰', 'PCB(FPCB 등)']"
449,273640,와이엠텍,"['전력저장장치(ESS)', '2021 하반기 신규상장', '전기차', '전기차(충전소/충전기)']"
450,104480,티케이케미칼,['화학섬유']
451,051980,중앙디앤엠,
452,149980,하이로닉,"['의료기기', '미용기기']"
453,389470,인벤티지랩,"['탈모 치료', '치매']"
454,094820,일진파워,"['원자력발전', '원자력발전', '핵융합에너지']"
455,110990,디아이티,"['2차전지(장비)', 'OLED(유기 발광 다이오드)', '2차전지', 'LCD장비', '수소차(연료전지/부품/충전소 등)']"
456,043370,피에이치에이,"['자동차부품', '리비안(RIVIAN)']"
457,382800,지앤비에스 에코,"['태양광에너지', '2021 하반기 신규상장', '반도체 장비', 'LED']"
458,067280,멀티캠퍼스,['교육/온라인 교육']
459,391710,코닉오토메이션,"['로봇(산업용/협동로봇 등)', '스마트팩토리(스마트공장)', '2021 하반기 신규상장', '보안주(정보)', '맥신(MXene)']"
460,175140,인포마크,"['지능형로봇/인공지능(AI)', '5G(5세대 이동통신)', '통신장비']"
461,078160,메디포스트,"['건강기능식품', '치매', '제대혈', '줄기세포', '고령화 사회(노인복지)', 'U-Healthcare(원격진료)']"
462,211270,AP위성,"['우주항공산업', '통신장비']"
463,079960,동양이엔피,['전기차(충전소/충전기)']
464,096240,크레버스,"['메타버스(Metaverse)', '교육/온라인 교육']"
465,089890,코세스,"['플렉서블 디스플레이', '메타버스(Metaverse)', '마이크로 LED', '반도체 장비']"
466,027050,코리아나,['화장품']
467,294140,레몬,"['2차전지(전고체)', '2차전지', '마스크', '휴대폰부품', '2020 상반기 신규상장', '갤럭시 부품주', '전자파', '스마트폰', '코로나19(혈장치료/혈장치료제)']"
468,348350,위드텍,"['2020 하반기 신규상장', '반도체 장비']"
469,096610,알에프세미,"['지능형로봇/인공지능(AI)', '휴대폰부품', '태블릿PC', 'LED', 'MLCC(적층세라믹콘덴서)', '스마트폰', '음성인식']"
470,060570,드림어스컴퍼니,"['4차산업 수혜주', '음원/음반', '여름', '사물인터넷']"
471,032300,한국파마,"['코로나19(진단/치료제/백신 개발 등)', '코로나19(진단/치료제/백신 개발 등)', '치매', '제약업체', '2020 하반기 신규상장', '코로나19(치료제/백신 개발 등)', '코로나19(덱사메타손)']"
472,160550,NEW,"['영화', '엔터테인먼트', '영상콘텐츠', '쿠팡(coupang)']"
473,100130,동국S&C,['풍력에너지']
474,014470,부방,"['지주사', '선박평형수 처리장치']"
475,078350,한양디지텍,"['우주항공산업', '반도체 재료/부품']"
476,348150,고바이오랩,"['2020 하반기 신규상장', '유전자 치료제/분석', '마이크로바이옴', '마이크로바이옴']"
477,214180,헥토이노베이션,"['인터넷은행', '마이데이터', '핀테크(FinTech)', '모바일콘텐츠(스마트폰/태블릿PC)', '보안주(정보)']"
478,203650,드림시큐리티,"['4차산업 수혜주', '인터넷은행', '블록체인', '카카오뱅크(kakao BANK)', '삼성페이', '바이오인식(생체인식)', '보안주(정보)', '양자암호']"
479,036010,아비코전자,"['휴대폰부품', '태블릿PC', '스마트폰']"
480,136540,윈스,"['키오스크(KIOSK)', '보안주(정보)']"
481,389020,자람테크놀로지,"['시스템반도체', '2023 상반기 신규상장', '통신장비']"
482,156100,엘앤케이바이오,['의료기기']
483,121440,골프존뉴딘홀딩스,"['지주사', '골프']"
484,274090,켄코아에어로스페이스,"['UAM(도심항공모빌리티)', '2020 상반기 신규상장', '우주항공산업', '드론(Drone)']"
485,366030,공구우먼,"['2022 상반기 신규상장', '패션/의류']"
486,371950,풍원정밀,"['日 수출 규제(국산화 등)', 'OLED(유기 발광 다이오드)', '2022 상반기 신규상장', '마스크']"
487,172670,에이엘티,"['2023 하반기 신규상장', '시스템반도체', '양자암호']"
488,357230,에이치피오,"['2021 상반기 신규상장', '건강기능식품', '음식료업종']"
489,131370,알서포트,"['4차산업 수혜주', '인터넷은행', '카카오뱅크(kakao BANK)', '재택근무/스마트워크']"
490,253590,네오셈,"['SSD', '반도체 장비']"
491,023760,한국캐피탈,
492,079940,가비아,"['핀테크(FinTech)', 'SNS(소셜네트워크서비스)', '클라우드 컴퓨팅', '보안주(정보)']"
493,047560,이스트소프트,"['게임', '4차산업 수혜주', '모바일게임(스마트폰)', 'AI 챗봇(챗GPT 등)', '핀테크(FinTech)', '보안주(정보)']"
494,072770,율호,
495,340930,유일에너테크,"['리튬', '2차전지(장비)', '2021 상반기 신규상장', '전력저장장치(ESS)', '2차전지', '수소차(연료전지/부품/충전소 등)', '전기차']"
496,290690,소룩스,"['2020 하반기 신규상장', 'LED']"
497,251630,브이원텍,"['로봇(산업용/협동로봇 등)', '플렉서블 디스플레이', '2차전지(장비)', 'OLED(유기 발광 다이오드)', '2차전지', 'LCD장비']"
498,321550,티움바이오,"['면역항암제', '유전자 치료제/분석', '2019 하반기 신규상장']"
499,419080,엔젯,
500,019210,와이지-원,['공작기계']
501,010470,오리콤,['광고']
502,093520,매커스,"['태양광에너지', '시스템반도체', '드론(Drone)', '가상화폐(비트코인 등)']"
503,073490,이노와이어리스,"['5G(5세대 이동통신)', '통신장비']"
504,376190,LB루셈,"['2021 상반기 신규상장', '시스템반도체']"
505,013310,아진산업,"['북한 광물자원개발', '자동차부품', '전기차']"
506,122990,와이솔,"['휴대폰부품', '5G(5세대 이동통신)']"
507,419530,SAMG엔터,"['출산장려정책', '엔젤산업', '캐릭터상품', '영상콘텐츠']"
508,044340,위닉스,"['제습기', '공기청정기', '스마트홈(홈네트워크)', '황사/미세먼지', '여름']"
509,261200,덴티스,['치아 치료(임플란트 등)']
510,054620,APS,"['OLED(유기 발광 다이오드)', '지주사', '맥신(MXene)']"
511,092130,이크레더블,['소모성자재구매대행(MRO)']
512,357580,아모센스,"['2021 상반기 신규상장', '무선충전기술', '페라이트', '맥신(MXene)']"
513,365270,큐라클,['2021 하반기 신규상장']
514,092190,서울바이오시스,"['2020 상반기 신규상장', 'LED']"
515,356680,엑스게이트,"['2023 상반기 신규상장', '보안주(정보)', '양자암호']"
516,090470,제이스텍,"['OLED(유기 발광 다이오드)', 'LCD장비', '반도체 장비']"
517,138610,나이벡,"['치아 치료(임플란트 등)', 'mRNA(메신저 리보핵산)']"
518,086960,MDS테크,"['스마트팩토리(스마트공장)', '모바일솔루션(스마트폰)', '4차산업 수혜주', '스마트카(SMART CAR)', 'NFT(대체불가토큰)', '자율주행차']"
519,363250,진시스템,"['2021 상반기 신규상장', '전력저장장치(ESS)', 'K-뉴딜지수', '코로나19(진단/치료제/백신 개발 등)', '코로나19(진단/치료제/백신 개발 등)', '코로나19(진단키트)', '휴대폰부품', '반도체 장비', 'K-뉴딜지수(인터넷)', '유전자 치료제/분석', '스마트폰', '5G(5세대 이동통신)', '통신장비']"
520,023910,대한약품,"['제약업체', '화이자(PFIZER)']"
521,036190,금화피에스시,"['원자력발전', '원자력발전', '전력설비']"
522,137950,제이씨케미칼,['조림사업']
523,068930,디지털대성,['교육/온라인 교육']
524,006910,보성파워텍,"['원자력발전', '원자력발전', '전력설비', '전기차']"
525,060560,홈센타홀딩스,"['아스콘(아스팔트 콘크리트)', '시멘트/레미콘', '4대강 복원']"
526,048870,시너지이노베이션,"['차량용블랙박스', '건강기능식품', '코로나19(진단/치료제/백신 개발 등)', '코로나19(진단/치료제/백신 개발 등)', '의료기기']"
527,046120,오르비텍,"['원자력발전', '원자력발전', '원자력발전소 해체']"
528,052260,현대바이오랜드,"['탈모 치료', '화장품', '치아 치료(임플란트 등)', '고령화 사회(노인복지)']"
529,290550,디케이티,"['폴더블폰', 'PCB(FPCB 등)', '스마트폰']"
530,432430,와이랩,"['2023 하반기 신규상장', '영상콘텐츠', '웹툰']"
531,272110,케이엔제이,"['OLED(유기 발광 다이오드)', 'LCD장비', 'LED', '2019 하반기 신규상장', '반도체 재료/부품']"
532,228850,레이언스,['의료기기']
533,362320,청담글로벌,"['보톡스(보툴리눔톡신)', '건강기능식품', '소매유통', '2022 상반기 신규상장', '화장품', '엔젤산업']"
534,049180,셀루메드,"['mRNA(메신저 리보핵산)', '의료기기', '바이오시밀러(복제 바이오의약품)', '고령화 사회(노인복지)']"
535,038110,에코플라스틱,['자동차부품']
536,029480,광무,"['리튬', '2차전지', '2차전지(소재/부품)', 'SI(시스템통합)', 'NI(네트워크통합)', '제4이동통신']"
537,102120,어보브반도체,"['4차산업 수혜주', '시스템반도체', '밥솥']"
538,239890,피엔에이치테크,"['2021 상반기 신규상장', 'OLED(유기 발광 다이오드)']"
539,270660,에브리봇,"['지능형로봇/인공지능(AI)', '2021 하반기 신규상장']"
540,261780,차백신연구소,"['백신/진단시약/방역(신종플루, AI 등)', '2021 하반기 신규상장']"
541,023900,풍국주정,"['수소차(연료전지/부품/충전소 등)', '주류업(주정, 에탄올 등)']"
542,092870,엑시콘,['반도체 장비']
543,084730,팅크웨어,"['차량용블랙박스', '증강현실(AR)', '자율주행차']"
544,040910,아이씨디,"['OLED(유기 발광 다이오드)', 'LCD장비']"
545,219130,타이거일렉,"['PCB(FPCB 등)', '반도체 재료/부품']"
546,053580,웹케시,"['2019 상반기 신규상장', 'SI(시스템통합)', '핀테크(FinTech)']"
547,203400,에이비온,"['코로나19(진단/치료제/백신 개발 등)', '코로나19(진단/치료제/백신 개발 등)', '2021 하반기 신규상장', '코로나19(치료제/백신 개발 등)']"
548,064240,홈캐스트,
549,148150,세경하이테크,"['폴더블폰', '휴대폰부품', '갤럭시 부품주', '2019 하반기 신규상장', '스마트폰']"
550,200470,에이팩트,['반도체 장비']
551,310200,애니플러스,"['미디어(방송/신문)', '영상콘텐츠']"
552,302430,이노메트리,"['2차전지(장비)', '2차전지']"
553,300120,라온피플,"['지능형로봇/인공지능(AI)', '골프', '2019 하반기 신규상장', '카메라모듈/부품']"
554,234340,헥토파이낸셜,"['전자결제(전자화폐)', '핀테크(FinTech)', '쿠팡(coupang)', '2019 하반기 신규상장']"
555,160980,싸이맥스,"['로봇(산업용/협동로봇 등)', '지능형로봇/인공지능(AI)', '반도체 장비']"
556,067990,도이치모터스,
557,282720,금양그린파워,"['풍력에너지', '태양광에너지', '원자력발전', '원자력발전', '2023 상반기 신규상장']"
558,012700,리드코프,['日제품 불매운동(수혜)']
559,196490,디에이테크놀로지,"['2차전지(전고체)', '2차전지(장비)', '2차전지', '폐배터리', '리비안(RIVIAN)', '자율주행차']"
560,090850,현대이지웰,"['인터넷은행', '전기차']"
561,009730,코센,"['비철금속', '강관업체(Steel pipe)']"
562,041590,플래스크,"['리모델링/인테리어', '전력저장장치(ESS)']"
563,014940,오리엔탈정공,['조선기자재']
564,382480,지아이텍,"['2차전지(장비)', '2차전지', '2021 하반기 신규상장']"
565,033310,엠투엔,
566,236200,슈프리마,"['보안주(물리)', '네옴시티', '지주사', '바이오인식(생체인식)']"
567,048910,대원미디어,"['게임', '엔젤산업', '캐릭터상품', '영상콘텐츠', '웹툰']"
568,256940,케이피에스,"['OLED(유기 발광 다이오드)', '폐배터리']"
569,078940,코드네이처,"['우크라이나 재건', '태양광에너지']"
570,159010,아스플로,"['2021 하반기 신규상장', '반도체 장비']"
571,183490,엔지켐생명과학,"['코로나19(진단/치료제/백신 개발 등)', '코로나19(진단/치료제/백신 개발 등)', '제약업체', 'mRNA(메신저 리보핵산)', '고령화 사회(노인복지)', '코로나19(나파모스타트)']"
572,417860,오브젠,"['지능형로봇/인공지능(AI)', '2023 상반기 신규상장']"
573,171120,라이온켐텍,['리모델링/인테리어']
574,039340,한국경제TV,['미디어(방송/신문)']
575,115160,휴맥스,"['지주사', '전기차', '전기차(충전소/충전기)']"
576,405100,큐알티,['시스템반도체']
577,300080,플리토,"['AI 챗봇(챗GPT 등)', '2019 하반기 신규상장']"
578,067080,대화제약,"['치매', '제약업체']"
579,066700,테라젠이텍스,"['제약업체', '고령화 사회(노인복지)', '유전자 치료제/분석', 'U-Healthcare(원격진료)']"
580,377480,마음AI,"['지능형로봇/인공지능(AI)', 'AI 챗봇(챗GPT 등)', '2021 하반기 신규상장']"
581,067290,JW신약,"['탈모 치료', '제약업체']"
582,264450,유비쿼스,"['K-뉴딜지수', '지주사', '사물인터넷', 'K-뉴딜지수(인터넷)', '5G(5세대 이동통신)', '통신장비']"
583,067900,와이엔텍,"['폐기물처리', '골프']"
584,023600,삼보판지,['골판지 제조']
585,038880,아이에이,"['시스템반도체', '스마트카(SMART CAR)', '수소차(연료전지/부품/충전소 등)', '전기차', '자율주행차']"
586,263600,덕우전자,"['아이폰', '자동차부품', '카메라모듈/부품']"
587,332570,와이팜,"['2020 하반기 신규상장', '휴대폰부품', '갤럭시 부품주', '스마트폰', '5G(5세대 이동통신)']"
588,052710,아모텍,"['휴대폰부품', '핀테크(FinTech)', '초전도체', '삼성페이', '갤럭시 부품주', '전자파', 'MLCC(적층세라믹콘덴서)', '스마트폰', 'RFID(NFC 등)']"
589,082800,비보존 제약,"['제약업체', 'LED']"
590,006620,동구바이오제약,"['치매', '화장품', '줄기세포', '제약업체']"
591,168360,펨트론,"['2차전지(장비)', '2차전지', '반도체 장비', 'PCB(FPCB 등)']"
592,377030,맥스트,"['증강현실(AR)', '메타버스(Metaverse)', '2021 하반기 신규상장']"
593,049720,고려신용정보,
594,120240,대정화금,
595,417500,제이아이테크,['반도체 재료/부품']
596,066980,이엔코퍼레이션,['화장품']
597,290720,푸드나무,"['음식료업종', '육계']"
598,065660,안트로젠,"['탈모 치료', '줄기세포']"
599,109740,디에스케이,"['보톡스(보툴리눔톡신)', 'LCD장비']"
600,337930,브랜드엑스코퍼레이션,"['패션/의류', '2020 하반기 신규상장']"
601,054780,키이스트,"['엔터테인먼트', '영상콘텐츠']"
602,138080,오이솔루션,"['5G(5세대 이동통신)', '통신장비']"
603,111710,남화산업,['골프']
604,216050,인크로스,['광고']
605,036120,SCI평가정보,['가상화폐(비트코인 등)']
606,950190,미투젠,"['모바일게임(스마트폰)', '2020 하반기 신규상장']"
607,311320,지오엘리먼트,"['2021 하반기 신규상장', '반도체 재료/부품']"
608,080220,제주반도체,"['휴대폰부품', '화이자(PFIZER)']"
609,104540,코렌텍,"['3D 프린터', '의료기기']"
610,389030,지니너스,"['2021 하반기 신규상장', '유전자 치료제/분석']"
611,317870,엔바이오니아,"['수자원(양적/질적 개선)', '2019 하반기 신규상장']"
612,207760,미스터블루,"['모바일게임(스마트폰)', '웹툰', '모바일콘텐츠(스마트폰/태블릿PC)']"
613,019590,엠벤처투자,
614,206400,베노티앤알,"['게임', '모바일게임(스마트폰)']"
615,241790,오션브릿지,"['2차전지(장비)', '2차전지', '반도체 장비', '반도체 재료/부품']"
616,317240,TS트릴리온,"['탈모 치료', '2019 상반기 신규상장']"
617,307870,비투엔,['클라우드 컴퓨팅']
618,376180,피코그램,['2021 하반기 신규상장']
619,061250,화일약품,"['마리화나(대마)', '백신/진단시약/방역(신종플루, AI 등)', '치매', '제약업체', '구충제(펜벤다졸, 이버멕틴 등)', '코로나19(덱사메타손)']"
620,038390,레드캡투어,"['여행', '렌터카']"
621,067370,선바이오,['바이오시밀러(복제 바이오의약품)']
622,099750,이지케어텍,"['2019 상반기 신규상장', 'U-Healthcare(원격진료)']"
623,291230,엔피,"['메타버스(Metaverse)', '아스콘(아스팔트 콘크리트)', '광고', '2020 상반기 신규상장', '전기차(충전소/충전기)', 'PCB(FPCB 등)', '스마트폰']"
624,241840,에이스토리,"['NFT(대체불가토큰)', '영상콘텐츠', '2019 하반기 신규상장']"
625,023440,제이스코홀딩스,['철강 중소형']
626,019550,SBI인베스트먼트,"['4차산업 수혜주', '야놀자(Yanolja)', '가상화폐(비트코인 등)']"
627,222040,코스맥스엔비티,"['건강기능식품', '음식료업종']"
628,105330,케이엔더블유,"['LCD 부품/소재', '자동차부품']"
629,124560,태웅로직스,"['종합 물류', '2019 하반기 신규상장']"
630,347890,엠투아이,"['스마트팩토리(스마트공장)', '2020 하반기 신규상장']"
631,021080,에이티넘인베스트,"['두나무(Dunamu)', '가상화폐(비트코인 등)']"
632,408900,스튜디오미르,"['영상콘텐츠', '2023 상반기 신규상장']"
633,162300,신스틸,['철강 중소형']
634,036710,심텍홀딩스,['지주사']
635,078140,대봉엘에스,['화장품']
636,010170,대한광통신,['5G(5세대 이동통신)']
637,417790,트루엔,"['보안주(물리)', '사물인터넷', '2023 상반기 신규상장']"
638,199820,제일전기공업,"['스마트홈(홈네트워크)', '2020 하반기 신규상장', '전력설비']"
639,140070,서플러스글로벌,['반도체 장비']
640,065680,우주일렉트로,"['LCD 부품/소재', '휴대폰부품']"
641,089850,유비벨록스,"['모바일솔루션(스마트폰)', '스마트카(SMART CAR)', '마이데이터', '삼성페이', 'RFID(NFC 등)']"
642,086670,비엠티,"['스마트팩토리(스마트공장)', '피팅(관이음쇠)/밸브', '네옴시티', '조선기자재', '수소차(연료전지/부품/충전소 등)', '원자력발전', '원자력발전']"
643,333620,엔시스,"['2차전지(장비)', '2021 상반기 신규상장', '2차전지', 'SI(시스템통합)']"
644,126880,제이엔케이히터,"['네옴시티', '수소차(연료전지/부품/충전소 등)']"
645,068790,DMS,"['플렉서블 디스플레이', '풍력에너지', 'OLED(유기 발광 다이오드)', 'LCD장비']"
646,368770,파이버프로,"['2021 상반기 신규상장', 'UAM(도심항공모빌리티)', '우주항공산업']"
647,073560,우리손에프앤지,['아프리카 돼지열병(ASF)']
648,363260,모비데이즈,"['2021 상반기 신규상장', '광고']"
649,104620,노랑풍선,"['2019 상반기 신규상장', '여행']"
650,094850,참좋은여행,['여행']
651,377450,리파인,['2021 하반기 신규상장']
652,361570,알비더블유,"['음원/음반', '2021 하반기 신규상장', '엔터테인먼트']"
653,058630,엠게임,"['증강현실(AR)', '게임', '가상현실(VR)', '모바일게임(스마트폰)', '메타버스(Metaverse)', 'NFT(대체불가토큰)', '가상화폐(비트코인 등)', '스마트폰']"
654,054050,농우바이오,['농업']
655,007330,푸른저축은행,
656,373170,엠아이큐브솔루션,"['스마트팩토리(스마트공장)', '2023 하반기 신규상장']"
657,041930,동아화성,"['자동차부품', '수소차(연료전지/부품/충전소 등)', '전기차']"
658,105550,트루윈,"['자동차부품', '전기차', '자율주행차', '5G(5세대 이동통신)']"
659,026150,특수건설,"['철도', '해저터널(지하화/지하도로 등)', '4대강 복원']"
660,347000,센코,"['2020 하반기 신규상장', '맥신(MXene)']"
661,226400,오스테오닉,"['치아 치료(임플란트 등)', '의료기기']"
662,054670,대한뉴팜,"['모더나(MODERNA)', '백신/진단시약/방역(신종플루, AI 등)', '제약업체', '아프리카 돼지열병(ASF)', '코로나19(덱사메타손)']"
663,211050,인카금융서비스,['2022 상반기 신규상장']
664,254120,자비스,"['2차전지(장비)', '2차전지', '반도체 장비', 'PCB(FPCB 등)']"
665,411080,샌즈랩,"['2023 상반기 신규상장', '보안주(정보)']"
666,408920,메쎄이상,['2022 상반기 신규상장']
667,060310,3S,"['여름', '반도체 재료/부품']"
668,046140,SBS콘텐츠허브,"['스포츠행사 수혜(올림픽, 월드컵 등)', '미디어(방송/신문)', '영상콘텐츠']"
669,064820,케이프,['조선기자재']
670,067570,엔브이에이치코리아,"['코로나19(음압병실/음압구급차)', '자동차부품']"
671,049520,유아이엘,"['휴대폰부품', '스마트폰']"
672,293580,나우IB,
673,234300,에스트래픽,"['철도', 'SI(시스템통합)', '전기차', '전기차(충전소/충전기)']"
674,353810,이지바이오,"['사료', '아프리카 돼지열병(ASF)']"
675,053700,삼보모터스,"['자동차부품', '수소차(연료전지/부품/충전소 등)', '전기차', '자율주행차']"
676,361390,제노코,"['2021 상반기 신규상장', '우주항공산업']"
677,071200,인피니트헬스케어,"['4차산업 수혜주', '고령화 사회(노인복지)', 'U-Healthcare(원격진료)']"
678,003100,선광,['종합 물류']
679,060230,소니드,"['삼성페이', '사물인터넷', 'RFID(NFC 등)']"
680,260930,씨티케이,['화장품']
681,074430,아미노로직스,['mRNA(메신저 리보핵산)']
682,054800,아이디스홀딩스,['지주사']
683,255440,야스,['OLED(유기 발광 다이오드)']
684,263050,유틸렉스,"['코로나19(진단/치료제/백신 개발 등)', '코로나19(진단/치료제/백신 개발 등)', '면역항암제', '코로나19(치료제/백신 개발 등)']"
685,317830,에스피시스템스,"['로봇(산업용/협동로봇 등)', '스마트팩토리(스마트공장)', '지능형로봇/인공지능(AI)', '2019 하반기 신규상장']"
686,041440,현대에버다임,"['우크라이나 재건', '북한 광물자원개발', '건설기계', '재난/안전(지진 등)']"
687,155650,와이엠씨,"['LCD 부품/소재', 'OLED(유기 발광 다이오드)']"
688,061040,알에프텍,"['보톡스(보툴리눔톡신)', '무선충전기술', '휴대폰부품', '삼성페이', '갤럭시 부품주', 'LED', '스마트폰', '5G(5세대 이동통신)']"
689,033230,인성정보,"['고령화 사회(노인복지)', 'NI(네트워크통합)', 'U-Healthcare(원격진료)']"
690,159580,제로투세븐,"['출산장려정책', '화장품', '엔젤산업']"
691,007820,에스엠코어,['스마트팩토리(스마트공장)']
692,072870,메가스터디,['교육/온라인 교육']
693,049080,기가레인,"['LED장비', '휴대폰부품', '갤럭시 부품주', '사물인터넷', '반도체 장비', '스마트폰', '5G(5세대 이동통신)', '통신장비']"
694,052330,코텍,"['면역항암제', '카지노', '치아 치료(임플란트 등)', '고령화 사회(노인복지)']"
695,037370,EG,"['2차전지(LFP/리튬인산철)', '희귀금속(희토류 등)', '수소차(연료전지/부품/충전소 등)', '페라이트']"
696,112290,와이씨켐,['반도체 재료/부품']
697,245620,EDGC,"['마리화나(대마)', '메타버스(Metaverse)', '코로나19(진단/치료제/백신 개발 등)', '코로나19(진단/치료제/백신 개발 등)', '코로나19(진단키트)', '치매', '유전자 치료제/분석']"
698,108380,대양전기공업,"['우크라이나 재건', '철도', '조선기자재']"
699,294630,서남,"['2020 상반기 신규상장', '초전도체', '우주항공산업']"
700,263690,디알젬,['의료기기']
701,234690,녹십자웰빙,"['제약업체', '코로나19(치료제/백신 개발 등)', '2019 하반기 신규상장']"
702,037460,삼지전자,"['5G(5세대 이동통신)', '통신장비']"
703,396300,세아메카닉스,"['2차전지', '2022 상반기 신규상장', '자동차부품', '전기차']"
704,353590,오토앤,['2022 상반기 신규상장']
705,140670,알에스오토메이션,"['로봇(산업용/협동로봇 등)', '스마트팩토리(스마트공장)', '4차산업 수혜주', '전력저장장치(ESS)', '태양광에너지', '반도체 장비']"
706,306620,네온테크,"['LED장비', 'UAM(도심항공모빌리티)', '반도체 장비', '드론(Drone)', 'MLCC(적층세라믹콘덴서)']"
707,264660,씨앤지하이테크,"['LCD장비', '반도체 장비']"
708,170030,현대공업,"['자동차부품', '전기차']"
709,058400,KNN,['미디어(방송/신문)']
710,950110,SBI핀테크솔루션즈,"['블록체인', '전자결제(전자화폐)', '핀테크(FinTech)']"
711,065450,빅텍,"['자전거', 'RFID(NFC 등)']"
712,309930,오하임아이엔티,['리모델링/인테리어']
713,288620,에스퓨얼셀,['수소차(연료전지/부품/충전소 등)']
714,100700,세운메디칼,"['남북경협', '의료기기', '고령화 사회(노인복지)']"
715,106080,하이소닉,"['가상현실(VR)', '휴대폰부품', '카메라모듈/부품', '스마트폰']"
716,095190,이엠코리아,"['공작기계', '남-북-러 가스관사업', '철도', '수소차(연료전지/부품/충전소 등)', '원자력발전', '원자력발전', '선박평형수 처리장치']"
717,082850,우리바이오,"['마리화나(대마)', 'LED', 'PCB(FPCB 등)', '화이자(PFIZER)']"
718,265560,영화테크,"['2차전지', '2차전지(소재/부품)', '폐배터리', '자동차부품', '수소차(연료전지/부품/충전소 등)', '전기차']"
719,035610,솔본,['지주사']
720,052420,오성첨단소재,"['마리화나(대마)', 'LCD 부품/소재']"
721,271830,팸텍,"['스마트팩토리(스마트공장)', '반도체 장비', '2023 상반기 신규상장', '카메라모듈/부품']"
722,241770,메카로,['반도체 재료/부품']
723,082660,코스나인,"['화장품', '휴대폰부품']"
724,068050,팬엔터테인먼트,"['엔터테인먼트', '영상콘텐츠']"
725,102370,케이옥션,"['STO(증권형 토큰 발행)', '2022 상반기 신규상장']"
726,051160,지어소프트,"['모바일솔루션(스마트폰)', '소매유통', '광고', '마켓컬리(kurly)']"
727,217500,러셀,"['로봇(산업용/협동로봇 등)', '지능형로봇/인공지능(AI)', '반도체 장비']"
728,066670,디스플레이텍,"['LCD 부품/소재', '휴대폰부품', '전기차(충전소/충전기)', '스마트폰']"
729,348080,큐라티스,"['코로나19(진단/치료제/백신 개발 등)', '코로나19(진단/치료제/백신 개발 등)', '백신/진단시약/방역(신종플루, AI 등)', '코로나19(치료제/백신 개발 등)', 'mRNA(메신저 리보핵산)', '2023 상반기 신규상장']"
730,053280,예스24,"['인터넷은행', '카카오뱅크(kakao BANK)', '지주사']"
731,005990,매일홀딩스,['지주사']
732,039860,나노엔텍,"['코로나19(진단/치료제/백신 개발 등)', '코로나19(진단/치료제/백신 개발 등)', '코로나19(진단키트)', '의료기기', '고령화 사회(노인복지)', 'U-Healthcare(원격진료)']"
733,304840,피플바이오,"['탈모 치료', '치매', '2020 하반기 신규상장']"
734,141000,비아트론,"['플렉서블 디스플레이', 'OLED(유기 발광 다이오드)', 'LCD장비']"
735,378800,샤페론,"['코로나19(진단/치료제/백신 개발 등)', '코로나19(진단/치료제/백신 개발 등)', '치매', '코로나19(치료제/백신 개발 등)']"
736,065130,탑엔지니어링,"['2차전지(장비)', 'LED장비', 'OLED(유기 발광 다이오드)', '2차전지', 'LCD장비', '초전도체', '반도체 장비', '카메라모듈/부품']"
737,037950,엘컴텍,"['북한 광물자원개발', '자원개발', '휴대폰부품', 'LED', '카메라모듈/부품']"
738,251120,바이오에프디엔씨,['2022 상반기 신규상장']
739,950200,소마젠,"['모더나(MODERNA)', '코로나19(진단/치료제/백신 개발 등)', '코로나19(진단/치료제/백신 개발 등)', '코로나19(진단키트)', '2020 하반기 신규상장', '유전자 치료제/분석', '마이크로바이옴', '마이크로바이옴']"
740,086040,바이오톡스텍,"['코로나19(진단/치료제/백신 개발 등)', '코로나19(진단/치료제/백신 개발 등)', '코로나19(진단키트)', '치매']"
741,086820,바이오솔루션,['줄기세포']
742,277410,인산가,"['탈모 치료', '음식료업종']"
743,438700,버넥트,"['증강현실(AR)', '2023 하반기 신규상장', '메타버스(Metaverse)']"
744,417970,모델솔루션,
745,073010,케이에스피,"['피팅(관이음쇠)/밸브', '조선기자재']"
746,217190,제너셈,"['반도체 장비', '전자파']"
747,066590,우수AMS,"['자동차부품', '수소차(연료전지/부품/충전소 등)', '전기차']"
748,304360,에스바이오메딕스,"['줄기세포', '2023 상반기 신규상장']"
749,253840,수젠텍,"['코로나19(진단/치료제/백신 개발 등)', '코로나19(진단/치료제/백신 개발 등)', '백신/진단시약/방역(신종플루, AI 등)', '코로나19(진단키트)', '치매', '2019 상반기 신규상장', '의료기기']"
750,232680,라온테크,"['로봇(산업용/협동로봇 등)', '스마트팩토리(스마트공장)', '반도체 장비']"
751,096630,에스코넥,"['폴더블폰', '가상현실(VR)', '일자리(취업)', '2차전지', '2차전지(소재/부품)', '메타버스(Metaverse)', '수소차(연료전지/부품/충전소 등)', '휴대폰부품', '리비안(RIVIAN)', '드론(Drone)']"
752,040420,정상제이엘에스,"['엔젤산업', '교육/온라인 교육']"
753,284620,카이노스메드,"['코로나19(진단/치료제/백신 개발 등)', '코로나19(진단/치료제/백신 개발 등)', '코로나19(치료제/백신 개발 등)']"
754,000440,중앙에너비스,['LPG(액화석유가스)']
755,086710,선진뷰티사이언스,"['2021 상반기 신규상장', '화장품']"
756,236810,엔비티,"['2021 상반기 신규상장', '건강기능식품', '토스(toss)', '토스(toss)', '메타버스(Metaverse)', '광고', 'NFT(대체불가토큰)', '쿠팡(coupang)', '웹툰', '음식료업종']"
757,129920,대성하이텍,"['공작기계', '2차전지(장비)', '2차전지']"
758,024880,케이피에프,"['로봇(산업용/협동로봇 등)', '풍력에너지', '자동차부품']"
759,115500,케이씨에스,"['철도', '화폐/금융자동화기기(디지털화폐 등)', 'SI(시스템통합)', '키오스크(KIOSK)', '양자암호']"
760,153710,옵티팜,"['코로나19(진단/치료제/백신 개발 등)', '코로나19(진단/치료제/백신 개발 등)', '백신/진단시약/방역(신종플루, AI 등)', '코로나19(치료제/백신 개발 등)', '아프리카 돼지열병(ASF)']"
761,250000,보라티알,"['日제품 불매운동(수혜)', '음식료업종']"
762,009780,엠에스씨,['음식료업종']
763,377220,프롬바이오,"['건강기능식품', '탈모 치료', '화장품', '2021 하반기 신규상장']"
764,333430,일승,"['조선기자재', '2019 하반기 신규상장']"
765,355150,코스텍시스,"['2020 하반기 신규상장', '전기차', '5G(5세대 이동통신)']"
766,005710,대원산업,['자동차부품']
767,105740,디케이락,"['피팅(관이음쇠)/밸브', '남-북-러 가스관사업', '수소차(연료전지/부품/충전소 등)', '원자력발전', '원자력발전']"
768,053260,금강철강,['철강 중소형']
769,405000,플라즈맵,['의료기기']
770,085670,뉴프렉스,"['메타버스(Metaverse)', '갤럭시 부품주', 'PCB(FPCB 등)']"
771,050110,캠시스,"['휴대폰부품', '갤럭시 부품주', '전기차', '자율주행차', '카메라모듈/부품', '스마트폰']"
772,195990,에이비프로바이오,"['공작기계', '모더나(MODERNA)', '원자력발전소 해체']"
773,215100,로보로보,"['지능형로봇/인공지능(AI)', '4차산업 수혜주', '교육/온라인 교육']"
774,072020,중앙백신,"['백신/진단시약/방역(신종플루, AI 등)', '메르스 코로나 바이러스', '아프리카 돼지열병(ASF)']"
775,127980,화인써키트,"['2023 상반기 신규상장', 'PCB(FPCB 등)']"
776,318000,KBG,['2019 하반기 신규상장']
777,065530,와이어블,"['철도', '5G(5세대 이동통신)', '통신장비']"
778,305090,마이크로디지탈,"['코로나19(진단/치료제/백신 개발 등)', '코로나19(진단/치료제/백신 개발 등)', '코로나19(진단키트)', '2019 상반기 신규상장']"
779,054930,유신,"['우크라이나 재건', '네옴시티', '철도', '수자원(양적/질적 개선)']"
780,021320,KCC건설,['건설 중소형']
781,099440,스맥,"['로봇(산업용/협동로봇 등)', '스마트팩토리(스마트공장)', '3D 프린터', '지능형로봇/인공지능(AI)', '공작기계', '건강기능식품', '화장품', '지주사', '음식료업종']"
782,389140,포바이포,"['2022 상반기 신규상장', '영화', '영상콘텐츠']"
783,093920,서원인텍,"['2차전지', '2차전지(소재/부품)', '휴대폰부품']"
784,048430,유라테크,['자동차부품']
785,009300,삼아제약,['제약업체']
786,288330,브릿지바이오테라퓨틱스,['2019 하반기 신규상장']
787,424980,마이크로투나노,"['2023 상반기 신규상장', '반도체 재료/부품']"
788,033170,시그네틱스,"['시스템반도체', 'DMZ 평화공원']"
789,049960,쎌바이오텍,['건강기능식품']
790,256630,포인트엔지니어링,"['OLED(유기 발광 다이오드)', 'LCD장비', '반도체 장비', 'LED']"
791,250060,모비스,"['차량용블랙박스', '지능형로봇/인공지능(AI)', '4차산업 수혜주', '자동차 대표주', '스마트카(SMART CAR)', '자동차부품', '수소차(연료전지/부품/충전소 등)', '초전도체', '전기차', '자율주행차', '핵융합에너지', '음성인식']"
792,093190,빅솔론,
793,024910,경창산업,"['자동차부품', '전기차']"
794,013990,아가방컴퍼니,"['日제품 불매운동(수혜)', '출산장려정책', '마스크', '엔젤산업']"
795,263700,케어랩스,"['광고', '백신여권', 'U-Healthcare(원격진료)']"
796,263860,지니언스,['보안주(정보)']
797,081150,티플랙스,"['북한 광물자원개발', '희귀금속(희토류 등)', '비철금속', '원자력발전', '원자력발전', '전기차', '맥신(MXene)']"
798,302550,리메드,"['치매', '의료기기', '2019 하반기 신규상장']"
799,321370,센서뷰,"['2023 하반기 신규상장', '5G(5세대 이동통신)', '통신장비']"
800,352910,오비고,"['스마트카(SMART CAR)', '2021 하반기 신규상장', '자율주행차']"
801,076080,웰크론한텍,"['2차전지(장비)', '2차전지', '수자원(양적/질적 개선)', '폐배터리']"
802,032790,엠젠솔루션,['스마트홈(홈네트워크)']
803,289080,SV인베스트먼트,"['코로나19(진단/치료제/백신 개발 등)', '코로나19(진단/치료제/백신 개발 등)']"
804,234100,폴라리스세원,"['자동차부품', '수소차(연료전지/부품/충전소 등)', '리비안(RIVIAN)', '전기차']"
805,246720,아스타,"['의료기기', 'U-Healthcare(원격진료)']"
806,080000,에스엔유,"['OLED(유기 발광 다이오드)', 'LCD장비', '태양광에너지', '반도체 장비']"
807,066620,국보디자인,"['테마파크', '리모델링/인테리어']"
808,092460,한라IMS,"['조선기자재', 'LED', '선박평형수 처리장치']"
809,352700,씨앤투스,"['공기청정기', '2021 상반기 신규상장', '황사/미세먼지', '마스크']"
810,019010,베뉴지,"['백화점', '소매유통', '골프']"
811,306040,에스제이그룹,"['패션/의류', '2019 하반기 신규상장']"
812,218150,미래생명자원,"['사료', '아프리카 돼지열병(ASF)', '쿠팡(coupang)', '음식료업종']"
813,301300,바이브컴퍼니,"['지능형로봇/인공지능(AI)', '메타버스(Metaverse)', 'AI 챗봇(챗GPT 등)', '2020 하반기 신규상장']"
814,276040,스코넥,"['게임', '폴더블폰', '가상현실(VR)', '일자리(취업)', '2차전지', '2차전지(소재/부품)', '메타버스(Metaverse)', '2022 상반기 신규상장', '수소차(연료전지/부품/충전소 등)', '휴대폰부품', '리비안(RIVIAN)', '드론(Drone)']"
815,340810,씨유박스,"['지능형로봇/인공지능(AI)', '보안주(물리)', '2023 상반기 신규상장', '바이오인식(생체인식)']"
816,308080,바이젠셀,"['면역항암제', '2021 하반기 신규상장', '유전자 치료제/분석']"
817,053450,세코닉스,"['증강현실(AR)', '가상현실(VR)', '스마트카(SMART CAR)', '휴대폰부품', '갤럭시 부품주', '자율주행차', '카메라모듈/부품']"
818,128660,피제이메탈,"['북한 광물자원개발', '비철금속']"
819,096350,대창솔루션,"['북한 광물자원개발', 'LNG(액화천연가스)', '풍력에너지', '조선기자재', '수소차(연료전지/부품/충전소 등)', '원자력발전소 해체', '콜드체인(저온 유통)']"
820,043650,국순당,"['주류업(주정, 에탄올 등)', '음식료업종']"
821,115180,큐리언트,['면역항암제']
822,011320,유니크,"['자동차부품', '수소차(연료전지/부품/충전소 등)']"
823,011370,서한,"['건설 중소형', '철도', '폐기물처리']"
824,071670,에이테크솔루션,['자율주행차']
825,407400,꿈비,"['출산장려정책', '엔젤산업', '2023 상반기 신규상장']"
826,053980,오상자이엘,"['코로나19(진단/치료제/백신 개발 등)', '코로나19(진단/치료제/백신 개발 등)', '코로나19(진단키트)', '엠폭스(원숭이두창)', '화장품', 'SI(시스템통합)']"
827,031860,에스유홀딩스,"['자전거', '치매']"
828,192250,케이사인,"['블록체인', '삼성페이', '사물인터넷', '클라우드 컴퓨팅', '보안주(정보)']"
829,274400,이노시뮬레이션,"['증강현실(AR)', '2023 하반기 신규상장', '가상현실(VR)']"
830,417840,저스템,['반도체 장비']
831,090410,덕신하우징,['모듈러주택']
832,196300,애니젠,['화장품']
833,025550,한국선재,"['피팅(관이음쇠)/밸브', '해저터널(지하화/지하도로 등)']"
834,225190,삼양옵틱스,['카메라모듈/부품']
835,260660,알리코제약,"['제약업체', '구충제(펜벤다졸, 이버멕틴 등)']"
836,200230,텔콘RF제약,"['코로나19(진단/치료제/백신 개발 등)', '코로나19(진단/치료제/백신 개발 등)', '제약업체', '코로나19(치료제/백신 개발 등)', '통신장비']"
837,101930,인화정공,"['조선기자재', '자동차부품']"
838,122310,제노레이,['의료기기']
839,043910,자연과환경,"['모듈러주택', '조림사업', '수자원(양적/질적 개선)', 'DMZ 평화공원', '4대강 복원']"
840,065710,서호전기,
841,376980,원티드랩,"['일자리(취업)', '2021 하반기 신규상장']"
842,122350,삼기,"['2차전지', '2차전지(소재/부품)', '자동차부품', '수소차(연료전지/부품/충전소 등)', '전기차', '2023 상반기 신규상장']"
843,128540,에코캡,"['자동차부품', '리비안(RIVIAN)']"
844,001540,안국약품,"['황사/미세먼지', '면역항암제', '제약업체']"
845,187870,디바이스이엔지,"['OLED(유기 발광 다이오드)', '반도체 장비']"
846,078890,가온그룹,"['지능형로봇/인공지능(AI)', '증강현실(AR)', '사물인터넷', '음성인식']"
847,186230,그린플러스,"['비철금속', '2019 하반기 신규상장']"
848,201490,미투온,"['게임', '가상현실(VR)', '모바일게임(스마트폰)', '메타버스(Metaverse)', 'NFT(대체불가토큰)']"
849,412350,레이저쎌,"['LED장비', '2022 상반기 신규상장', '반도체 장비']"
850,071280,로체시스템즈,"['LCD장비', '반도체 장비']"
851,020710,시공테크,"['테마파크', '가상현실(VR)', '리모델링/인테리어', 'DMZ 평화공원']"
852,321260,프로이천,"['OLED(유기 발광 다이오드)', '2019 상반기 신규상장', '반도체 장비']"
853,189980,흥국에프엔비,"['쿠팡(coupang)', '마켓컬리(kurly)', '음식료업종']"
854,091590,남화토건,"['건설 중소형', '남북경협', '케이블TV SO/MSO']"
855,163730,핑거,"['모바일솔루션(스마트폰)', '2021 상반기 신규상장', '메타버스(Metaverse)', 'STO(증권형 토큰 발행)', 'NFT(대체불가토큰)', '마이데이터', '핀테크(FinTech)', '웹툰', '모바일콘텐츠(스마트폰/태블릿PC)']"
856,051490,나라엠앤디,"['2차전지', '2차전지(소재/부품)', '자동차부품', '전기차']"
857,042510,라온시큐어,"['인터넷은행', '블록체인', '핀테크(FinTech)', '백신여권', '삼성페이', '바이오인식(생체인식)', '보안주(정보)']"
858,175250,아이큐어,"['마리화나(대마)', '치매', '화장품', '제약업체', '콜드체인(저온 유통)']"
859,069540,라이트론,"['수소차(연료전지/부품/충전소 등)', '5G(5세대 이동통신)', '통신장비']"
860,330350,위더스제약,"['탈모 치료', '제약업체', '2020 하반기 신규상장']"
861,018120,진로발효,"['주류업(주정, 에탄올 등)']"
862,054920,한컴위드,"['인터넷은행', '블록체인', '핀테크(FinTech)', '드론(Drone)', '모바일콘텐츠(스마트폰/태블릿PC)', '보안주(정보)', '가상화폐(비트코인 등)']"
863,069510,에스텍,"['LCD 부품/소재', '日 수출 규제(국산화 등)', '남-북-러 가스관사업', '철강 중소형', '시스템반도체', '스마트홈(홈네트워크)', '자동차부품', '제약업체', '전기차', '반도체 재료/부품']"
864,347740,피엔케이피부임상연구센타,"['화장품', '2020 하반기 신규상장']"
865,088800,에이스테크,"['4차산업 수혜주', '자율주행차', 'K-뉴딜지수(인터넷)', '스마트폰', 'RFID(NFC 등)', '5G(5세대 이동통신)', '통신장비']"
866,080580,오킨스전자,['반도체 재료/부품']
867,027580,상보,"['탄소나노튜브(CNT)', '북한 광물자원개발', '폴더블폰', 'LCD 부품/소재', '그래핀']"
868,097800,윈팩,['시스템반도체']
869,241690,유니테크노,['자동차부품']
870,032850,비트컴퓨터,"['4차산업 수혜주', 'SI(시스템통합)', '고령화 사회(노인복지)', '교육/온라인 교육', 'U-Healthcare(원격진료)']"
871,066310,큐에스아이,"['가상현실(VR)', '메타버스(Metaverse)', '마이크로 LED']"
872,053050,지에스이,['겨울']
873,063440,SM Life Design,"['네옴시티', '영화', '영상콘텐츠']"
874,069920,아이에스이커머스,['소매유통']
875,037440,희림,"['리모델링/인테리어', '네옴시티', '남북경협', '재난/안전(지진 등)']"
876,033830,티비씨,['미디어(방송/신문)']
877,173940,에프엔씨엔터,"['음원/음반', '엔터테인먼트', '영상콘텐츠']"
878,109860,동일금속,['건설기계']
879,064800,젬백스링크,"['증강현실(AR)', '모바일솔루션(스마트폰)', '패션/의류', 'SNS(소셜네트워크서비스)', '클라우드 컴퓨팅', '바이오인식(생체인식)']"
880,037330,인지디스플레,"['LCD 부품/소재', '초전도체']"
881,106190,하이텍팜,"['제약업체', '메르스 코로나 바이러스']"
882,130580,나이스디앤비,
883,134580,탑코미디어,['웹툰']
884,448710,코츠테크놀로지,['2023 하반기 신규상장']
885,004650,창해에탄올,"['주류업(주정, 에탄올 등)']"
886,015710,코콤,"['스마트홈(홈네트워크)', 'CCTV＆DVR', '사물인터넷', '드론(Drone)', '음성인식']"
887,311690,CJ 바이오사이언스,"['코로나19(진단/치료제/백신 개발 등)', '코로나19(진단/치료제/백신 개발 등)', '코로나19(진단키트)', '유전자 치료제/분석', '마이크로바이옴', '마이크로바이옴', '2019 하반기 신규상장']"
888,142760,비엘,"['마리화나(대마)', '건강기능식품', '자원개발', '코로나19(진단/치료제/백신 개발 등)', '코로나19(진단/치료제/백신 개발 등)', '백신/진단시약/방역(신종플루, AI 등)', '치매', '화장품', '면역항암제', '코로나19(치료제/백신 개발 등)']"
889,006140,피제이전자,"['로봇(산업용/협동로봇 등)', '보안주(물리)', '의료기기', '고령화 사회(노인복지)']"
890,290090,트윔,"['스마트팩토리(스마트공장)', '지능형로봇/인공지능(AI)', '2021 하반기 신규상장']"
891,429270,시지트로닉스,"['2023 하반기 신규상장', '시스템반도체']"
892,263800,데이타솔루션,"['지능형로봇/인공지능(AI)', 'AI 챗봇(챗GPT 등)', 'SI(시스템통합)']"
893,036640,HRS,"['재난/안전(지진 등)', '원자력발전', '원자력발전']"
894,406820,뷰티스킨,"['2023 하반기 신규상장', '화장품']"
895,123420,위메이드플레이,"['게임', '모바일게임(스마트폰)']"
896,041920,메디아나,['의료기기']
897,170790,파이오링크,"['마이데이터', '클라우드 컴퓨팅', '보안주(정보)', '통신장비']"
898,115440,우리넷,"['OLED(유기 발광 다이오드)', '철도', '5G(5세대 이동통신)', '양자암호', '통신장비']"
899,336060,웨이버스,"['메타버스(Metaverse)', '2019 하반기 신규상장']"
900,103840,우양,"['마켓컬리(kurly)', '음식료업종', '2019 하반기 신규상장']"
901,097780,에코볼트,"['터치패널(스마트폰/태블릿PC 등)', '아이폰', '희귀금속(희토류 등)', '자동차부품', '스마트폰', '코로나19(혈장치료/혈장치료제)']"
902,039290,인포뱅크,"['모바일솔루션(스마트폰)', '인터넷은행', 'AI 챗봇(챗GPT 등)', '카카오뱅크(kakao BANK)', '스마트카(SMART CAR)', '전자결제(전자화폐)', '핀테크(FinTech)', 'SNS(소셜네트워크서비스)', '자율주행차', '모바일콘텐츠(스마트폰/태블릿PC)']"
903,204610,티쓰리,"['게임', '모바일게임(스마트폰)', '드론(Drone)']"
904,327260,RF머트리얼즈,"['2019 하반기 신규상장', '통신장비']"
905,033320,제이씨현시스템,"['차량용블랙박스', '가상현실(VR)', '드론(Drone)', '재택근무/스마트워크', '가상화폐(비트코인 등)']"
906,052220,iMBC,"['메타버스(Metaverse)', '미디어(방송/신문)']"
907,151910,SBW생명과학,"['휴대폰부품', '카메라모듈/부품']"
908,307180,아이엘사이언스,"['탈모 치료', '전기차(충전소/충전기)', 'LED']"
909,109960,에이프로젠 H&G,['모바일게임(스마트폰)']
910,322780,코퍼스코리아,"['2019 상반기 신규상장', '영상콘텐츠']"
911,131030,옵투스제약,['황사/미세먼지']
912,038680,에스넷,"['증강현실(AR)', '가상현실(VR)', '4차산업 수혜주', '메타버스(Metaverse)', '스마트홈(홈네트워크)', '사물인터넷', '재택근무/스마트워크', 'NI(네트워크통합)', '보안주(정보)', 'RFID(NFC 등)']"
913,043260,성호전자,"['공기청정기', '전기차', 'LED']"
914,242040,나무기술,"['SI(시스템통합)', '클라우드 컴퓨팅', '5G(5세대 이동통신)']"
915,142280,녹십자엠에스,"['코로나19(진단/치료제/백신 개발 등)', '코로나19(진단/치료제/백신 개발 등)', '코로나19(진단키트)', '엠폭스(원숭이두창)', '마스크']"
916,900310,컬러레이,"['화장품', '국내 상장 중국기업']"
917,247660,나노씨엠에스,"['2021 상반기 신규상장', '보안주(정보)']"
918,285800,진영,"['리모델링/인테리어', '2023 상반기 신규상장']"
919,123410,코리아에프티,"['자동차부품', '자율주행차']"
920,258610,케일럼,['LNG(액화천연가스)']
921,059210,메타바이오메드,"['치아 치료(임플란트 등)', '의료기기', '고령화 사회(노인복지)']"
922,393210,토마토시스템,"['SI(시스템통합)', '2023 상반기 신규상장', 'U-Healthcare(원격진료)']"
923,011560,세보엠이씨,
924,214270,FSN,"['STO(증권형 토큰 발행)', '광고', 'NFT(대체불가토큰)', '가상화폐(비트코인 등)']"
925,241520,DSC인베스트먼트,"['일자리(취업)', '4차산업 수혜주', '두나무(Dunamu)', '마켓컬리(kurly)']"
926,041520,이라이콤,"['LCD 부품/소재', '휴대폰부품', '태블릿PC', 'LCD BLU제조']"
927,309960,LB인베스트먼트,['2023 상반기 신규상장']
928,092300,현우산업,['PCB(FPCB 등)']
929,038070,서린바이오,"['메르스 코로나 바이러스', 'mRNA(메신저 리보핵산)', '콜드체인(저온 유통)', '코로나19(혈장치료/혈장치료제)']"
930,046970,우리로,"['日 수출 규제(국산화 등)', '사물인터넷', '5G(5세대 이동통신)', '양자암호', '통신장비']"
931,084180,수성샐바시온,"['네옴시티', '코로나19(진단/치료제/백신 개발 등)', '코로나19(진단/치료제/백신 개발 등)', '코로나19(치료제/백신 개발 등)']"
932,027830,대성창투,"['크래프톤 관련주', '일자리(취업)', '4차산업 수혜주', '메타버스(Metaverse)', '두나무(Dunamu)', '블록체인']"
933,307930,컴퍼니케이,"['NFT(대체불가토큰)', '2019 상반기 신규상장']"
934,064850,에프앤가이드,['2020 하반기 신규상장']
935,200350,래몽래인,"['2021 하반기 신규상장', '엔터테인먼트', '영상콘텐츠']"
936,099220,SDN,['태양광에너지']
937,032540,TJ미디어,"['엔터테인먼트', '모바일콘텐츠(스마트폰/태블릿PC)']"
938,317850,대모,"['차량용블랙박스', '우크라이나 재건', '건설기계', '자동차 대표주', '스마트카(SMART CAR)', '자동차부품', '수소차(연료전지/부품/충전소 등)', '전기차', '자율주행차', '2019 하반기 신규상장', '음성인식']"
939,317690,퀀타매트릭스,"['코로나19(진단/치료제/백신 개발 등)', '코로나19(진단/치료제/백신 개발 등)', '코로나19(진단키트)', '치매', '2020 하반기 신규상장', '의료기기']"
940,065950,웰크론,"['2차전지(장비)', '2차전지', '수자원(양적/질적 개선)', 'DMZ 평화공원', '폐배터리', '황사/미세먼지', '마스크', '메르스 코로나 바이러스']"
941,227950,엔투텍,"['모더나(MODERNA)', '엔터테인먼트', '반도체 장비']"
942,373200,하인크코리아,"['2021 상반기 신규상장', '애플페이', '스마트폰']"
943,036670,KCI,
944,367000,플래티어,['2021 하반기 신규상장']
945,046390,삼화네트웍스,"['엔터테인먼트', '영상콘텐츠']"
946,208140,정다운,"['구제역/광우병 수혜', '아프리카 돼지열병(ASF)', '음식료업종']"
947,263770,유에스티,"['2차전지', '2차전지(소재/부품)', '철강 중소형', '강관업체(Steel pipe)', '전기차']"
948,434480,모니터랩,"['2023 상반기 신규상장', '보안주(정보)']"
949,148930,에이치와이티씨,"['2차전지(장비)', '2차전지']"
950,225220,제놀루션,"['코로나19(진단/치료제/백신 개발 등)', '코로나19(진단/치료제/백신 개발 등)', '코로나19(진단키트)', '엠폭스(원숭이두창)', '2020 하반기 신규상장', '의료기기', '유전자 치료제/분석']"
951,288980,모아데이타,"['지능형로봇/인공지능(AI)', '2022 상반기 신규상장']"
952,095270,웨이브일렉트로,"['5G(5세대 이동통신)', '통신장비']"
953,230980,에이트원,"['증강현실(AR)', '가상현실(VR)', '메타버스(Metaverse)', 'STO(증권형 토큰 발행)']"
954,226340,본느,['화장품']
955,170920,엘티씨,"['LCD 부품/소재', '수소차(연료전지/부품/충전소 등)', '반도체 재료/부품']"
956,002230,피에스텍,"['스마트홈(홈네트워크)', '자동차부품', '전기차']"
957,368600,아이씨에이치,['전자파']
958,066900,디에이피,"['휴대폰부품', 'PCB(FPCB 등)']"
959,064480,브리지텍,"['인터넷은행', 'AI 챗봇(챗GPT 등)', '핀테크(FinTech)', '음성인식']"
960,025950,동신건설,"['건설 중소형', '조림사업']"
961,137080,나래나노텍,"['OLED(유기 발광 다이오드)', '2022 상반기 신규상장']"
962,101330,모베이스,"['자동차부품', '휴대폰부품', '갤럭시 부품주', '리비안(RIVIAN)', '전기차', '스마트폰']"
963,323280,태성,"['2019 상반기 신규상장', 'PCB(FPCB 등)']"
964,039240,경남스틸,['철강 중소형']
965,049480,오픈베이스,"['스마트팩토리(스마트공장)', '탄소나노튜브(CNT)', '지능형로봇/인공지능(AI)', '4차산업 수혜주', '사물인터넷', 'NI(네트워크통합)', '보안주(정보)']"
966,083660,CSA 코스믹,"['수자원(양적/질적 개선)', '화장품']"
967,067170,오텍,"['공기청정기', '우크라이나 재건', '2차전지(전고체)', '리튬', '코로나19(음압병실/음압구급차)', '건강기능식품', 'OLED(유기 발광 다이오드)', '2차전지', '2차전지(소재/부품)', '탈모 치료', '코로나19(진단/치료제/백신 개발 등)', '코로나19(진단/치료제/백신 개발 등)', '백신/진단시약/방역(신종플루, AI 등)', '2022 상반기 신규상장', '사료', '화장품', '면역항암제', '재난/안전(지진 등)', '제대혈', '마스크', '줄기세포', '여름', '코로나19(치료제/백신 개발 등)', '아프리카 돼지열병(ASF)', '쿠팡(coupang)', '고령화 사회(노인복지)', '구충제(펜벤다졸, 이버멕틴 등)', '전기차(충전소/충전기)', 'U-Healthcare(원격진료)']"
968,222420,쎄노텍,"['북한 광물자원개발', '2차전지', '2차전지(소재/부품)', '희귀금속(희토류 등)']"
969,348030,모비릭스,"['게임', '2021 상반기 신규상장', '모바일게임(스마트폰)']"
970,354200,엔젠바이오,"['치매', '2020 하반기 신규상장', '유전자 치료제/분석']"
971,339950,아이비김영,"['일자리(취업)', '교육/온라인 교육', '2019 하반기 신규상장']"
972,150900,파수,"['블록체인', '마이데이터', '재택근무/스마트워크', '보안주(정보)']"
973,024950,삼천리자전거,"['전기자전거', '자전거', '엔젤산업']"
974,101170,우림피티에스,"['로봇(산업용/협동로봇 등)', '농업', '북한 광물자원개발', '셰일가스(Shale Gas)', '풍력에너지', '철도']"
975,059120,아진엑스텍,"['로봇(산업용/협동로봇 등)', '스마트팩토리(스마트공장)', '4차산업 수혜주', '메타버스(Metaverse)', '시스템반도체', '스마트폰']"
976,171010,램테크놀러지,"['日 수출 규제(국산화 등)', 'OLED(유기 발광 다이오드)', '반도체 재료/부품']"
977,223250,드림씨아이에스,['2020 상반기 신규상장']
978,314140,알피바이오,"['건강기능식품', '제약업체']"
979,049550,잉크테크,"['사물인터넷', '전자파']"
980,239610,에이치엘사이언스,"['건강기능식품', '음식료업종', '마이크로바이옴', '마이크로바이옴']"
981,189330,씨이랩,"['2021 상반기 신규상장', '메타버스(Metaverse)']"
982,079970,투비소프트,"['모바일솔루션(스마트폰)', '핀테크(FinTech)', '삼성페이', '콜드체인(저온 유통)']"
983,042110,에스씨디,"['여름', '콜드체인(저온 유통)']"
984,038010,제일테크노스,"['원자력발전', '원자력발전']"
985,007680,대원,"['게임', '건설 중소형', '건강기능식품', '희귀금속(희토류 등)', '철도', '코로나19(진단/치료제/백신 개발 등)', '코로나19(진단/치료제/백신 개발 등)', '자동차부품', '수소차(연료전지/부품/충전소 등)', '엔젤산업', '제약업체', '코로나19(치료제/백신 개발 등)', '의료기기', '캐릭터상품', '전력설비', '리비안(RIVIAN)', '영상콘텐츠', '고령화 사회(노인복지)', '웹툰', '전선', '코로나19(덱사메타손)']"
986,185490,아이진,"['건강기능식품', '코로나19(진단/치료제/백신 개발 등)', '코로나19(진단/치료제/백신 개발 등)', '백신/진단시약/방역(신종플루, AI 등)', '코로나19(치료제/백신 개발 등)', 'mRNA(메신저 리보핵산)']"
987,187420,제노포커스,"['코로나19(진단/치료제/백신 개발 등)', '코로나19(진단/치료제/백신 개발 등)', '코로나19(진단키트)', '유전자 치료제/분석', '마이크로바이옴', '마이크로바이옴']"
988,045660,에이텍,"['조림사업', '자동차부품', '삼성페이', '리비안(RIVIAN)', '사물인터넷', 'RFID(NFC 등)']"
989,089790,제이티,['반도체 장비']
990,087260,모바일어플라이언스,"['차량용블랙박스', '4차산업 수혜주', '스마트카(SMART CAR)', '자율주행차']"
991,012790,신일제약,"['제약업체', '코로나19(덱사메타손)']"
992,239340,줌인터넷,['지능형로봇/인공지능(AI)']
993,198940,한주라이트메탈,"['비철금속', '자동차부품', '전기차', '2023 상반기 신규상장']"
994,136410,아셈스,['2022 상반기 신규상장']
995,065370,위세아이텍,"['지능형로봇/인공지능(AI)', '모바일솔루션(스마트폰)', '메타버스(Metaverse)', '2020 상반기 신규상장']"
996,088910,동우팜투테이블,"['구제역/광우병 수혜', '여름', '아프리카 돼지열병(ASF)', '스포츠행사 수혜(올림픽, 월드컵 등)', '육계']"
997,041460,한국전자인증,"['지능형로봇/인공지능(AI)', '토스(toss)', '토스(toss)', '인터넷은행', '블록체인', '핀테크(FinTech)', '사물인터넷', '보안주(정보)']"
998,168330,내츄럴엔도텍,"['건강기능식품', '화장품']"
999,096690,에이루트,"['카지노', '전력설비', 'RFID(NFC 등)']"
1000,303530,이노뎁,"['2021 상반기 신규상장', '보안주(물리)', '메타버스(Metaverse)']"
1001,033130,디지틀조선,['미디어(방송/신문)']
1002,041910,에스텍파마,['제약업체']
1003,241820,피씨엘,"['코로나19(진단/치료제/백신 개발 등)', '코로나19(진단/치료제/백신 개발 등)', '백신/진단시약/방역(신종플루, AI 등)', '코로나19(진단키트)', '치매', 'mRNA(메신저 리보핵산)', '의료기기']"
1004,060900,DGP,"['풍력에너지', '태양광에너지']"
1005,124500,아이티센,['SI(시스템통합)']
1006,017480,삼현철강,"['남-북-러 가스관사업', '철도', '철강 중소형']"
1007,032680,소프트센,['U-Healthcare(원격진료)']
1008,147830,제룡산업,['전력설비']
1009,100590,머큐리,['통신장비']
1010,001840,이화공영,"['건설 중소형', 'DMZ 평화공원', '4대강 복원']"
1011,195500,마니커에프앤지,"['음식료업종', '육계', '2019 하반기 신규상장']"
1012,010240,흥국,"['건설기계', '손해보험', '쿠팡(coupang)', '마켓컬리(kurly)', '음식료업종']"
1013,238490,힘스,['OLED(유기 발광 다이오드)']
1014,088290,이원컴포텍,['자동차부품']
1015,054040,한국컴퓨터,"['LCD 부품/소재', '휴대폰부품', '스마트폰']"
1016,083500,에프엔에스테크,"['OLED(유기 발광 다이오드)', '반도체 재료/부품']"
1017,049430,코메론,['철강 중소형']
1018,123570,이엠넷,['광고']
1019,039830,오로라,"['엔젤산업', '캐릭터상품']"
1020,024740,한일단조,"['자동차부품', '전기차']"
1021,440320,오픈놀,"['일자리(취업)', '2023 상반기 신규상장']"
1022,017650,대림제지,['골판지 제조']
1023,335810,프리시젼바이오,"['코로나19(진단키트)', '2020 하반기 신규상장', '의료기기']"
1024,047770,코데즈컴바인,"['남북경협', '日제품 불매운동(수혜)', '패션/의류', '마스크']"
1025,142210,유니트론텍,['자율주행차']
1026,900100,애머릿지,"['타이어', '마리화나(대마)']"
1027,024060,흥구석유,"['윤활유', 'LPG(액화석유가스)']"
1028,191420,테고사이언스,['줄기세포']
1029,265740,엔에프씨,"['마리화나(대마)', '화장품', '2020 하반기 신규상장']"
1030,014570,고려제약,"['백신/진단시약/방역(신종플루, AI 등)', '치매', '제약업체', '메르스 코로나 바이러스']"
1031,290740,액트로,"['카메라모듈/부품', '스마트폰']"
1032,023460,CNH,['지주사']
1033,089140,넥스턴바이오,"['공작기계', '아이폰']"
1034,052790,액토즈소프트,"['게임', '모바일게임(스마트폰)']"
1035,053270,구영테크,['자동차부품']
1036,002800,신신제약,"['치매', '제약업체']"
1037,024800,유성티엔에스,"['편의점', '종합 물류']"
1038,224110,에이텍모빌리티,"['삼성페이', 'RFID(NFC 등)']"
1039,038460,바이오스마트,"['코로나19(진단/치료제/백신 개발 등)', '코로나19(진단/치료제/백신 개발 등)', '코로나19(진단키트)', '치매', '화장품']"
1040,419120,산돌,
1041,217730,강스템바이오텍,"['탈모 치료', '코로나19(진단/치료제/백신 개발 등)', '코로나19(진단/치료제/백신 개발 등)', '화장품', '제대혈', '줄기세포', '코로나19(치료제/백신 개발 등)']"
1042,377330,이지트로닉스,"['폐배터리', '2022 상반기 신규상장', '수소차(연료전지/부품/충전소 등)', '전기차', '5G(5세대 이동통신)']"
1043,276730,제주맥주,"['2021 상반기 신규상장', '주류업(주정, 에탄올 등)', '여름', '음식료업종']"
1044,072470,우리산업홀딩스,['지주사']
1045,037030,파워넷,"['2차전지(LFP/리튬인산철)', '2차전지']"
1046,369370,블리츠웨이,"['2020 하반기 신규상장', '캐릭터상품']"
1047,053290,NE능률,['교육/온라인 교육']
1048,357880,비트나인,"['메타버스(Metaverse)', 'AI 챗봇(챗GPT 등)', '2021 하반기 신규상장']"
1049,052770,아이톡시,"['게임', '모바일게임(스마트폰)', '모바일콘텐츠(스마트폰/태블릿PC)']"
1050,351330,이삭엔지니어링,"['스마트팩토리(스마트공장)', '2021 상반기 신규상장']"
1051,007770,한일화학,['페라이트']
1052,068330,일신바이오,"['콜드체인(저온 유통)', '코로나19(혈장치료/혈장치료제)']"
1053,203690,스피어파워,"['건강기능식품', '탈모 치료', '화장품', '줄기세포']"
1054,007370,진양제약,"['치매', '제약업체', '메르스 코로나 바이러스']"
1055,359090,씨엔알리서치,['2020 하반기 신규상장']
1056,312610,에이에프더블류,"['2차전지', '2차전지(소재/부품)', '2019 하반기 신규상장']"
1057,264850,이랜시스,"['지능형로봇/인공지능(AI)', '보안주(물리)']"
1058,094840,슈프리마에이치큐,"['보안주(물리)', '지주사']"
1059,330730,스톤브릿지벤처스,"['두나무(Dunamu)', '2022 상반기 신규상장']"
1060,109080,옵티시스,"['메타버스(Metaverse)', '철도']"
1061,290520,신도기연,"['플렉서블 디스플레이', '증강현실(AR)', '가상현실(VR)', 'OLED(유기 발광 다이오드)', '메타버스(Metaverse)', '수소차(연료전지/부품/충전소 등)', '2020 하반기 신규상장']"
1062,263920,휴엠앤씨,['화장품']
1063,025440,DH오토웨어,"['4차산업 수혜주', '자동차부품', '자율주행차']"
1064,075970,동국알앤에스,"['스마트팩토리(스마트공장)', '북한 광물자원개발', '2차전지', '2차전지(소재/부품)', '희귀금속(희토류 등)', '리비안(RIVIAN)']"
1065,019990,에너토크,"['수자원(양적/질적 개선)', '원자력발전', '원자력발전']"
1066,318010,팜스빌,"['건강기능식품', '음식료업종', '2019 하반기 신규상장']"
1067,036090,위지트,['가상화폐(비트코인 등)']
1068,016250,SGC이테크건설,['건설 중소형']
1069,122690,서진오토모티브,['자동차부품']
1070,256150,한독크린텍,['2019 하반기 신규상장']
1071,048770,TPC,"['로봇(산업용/협동로봇 등)', '스마트팩토리(스마트공장)', '3D 프린터', '지능형로봇/인공지능(AI)', '4차산업 수혜주']"
1072,311390,네오크레마,"['음식료업종', '2019 하반기 신규상장']"
1073,263810,상신전자,"['페라이트', '전자파']"
1074,313760,윌링스,"['전력저장장치(ESS)', '태양광에너지', '전기차(충전소/충전기)', '2019 하반기 신규상장', '선박평형수 처리장치', '밥솥']"
1075,028080,휴맥스홀딩스,"['지주사', '전기차(충전소/충전기)']"
1076,307280,원바이오젠,
1077,066910,손오공,"['게임', '엔젤산업', '캐릭터상품']"
1078,056360,코위버,"['5G(5세대 이동통신)', '양자암호', '통신장비']"
1079,273060,와이즈버즈,['광고']
1080,043220,티에스넥스젠,"['전력저장장치(ESS)', '의료기기']"
1081,196450,코아시아씨엠,"['휴대폰부품', '엔터테인먼트', '카메라모듈/부품']"
1082,139670,키네마스터,['모바일솔루션(스마트폰)']
1083,238090,앤디포스,"['아이폰', '코로나19(진단/치료제/백신 개발 등)', '코로나19(진단/치료제/백신 개발 등)', '코로나19(진단키트)', '휴대폰부품', '갤럭시 부품주']"
1084,088130,동아엘텍,"['OLED(유기 발광 다이오드)', 'LCD장비']"
1085,277070,린드먼아시아,
1086,024940,PN풍년,['밥솥']
1087,038060,루멘스,"['플렉서블 디스플레이', '마이크로 LED', 'LED', '통신장비']"
1088,119850,지엔씨에너지,"['4차산업 수혜주', '남북경협']"
1089,332290,누보,"['농업', '비료', '2019 하반기 신규상장']"
1090,109820,진매트릭스,"['코로나19(진단/치료제/백신 개발 등)', '코로나19(진단/치료제/백신 개발 등)', '백신/진단시약/방역(신종플루, AI 등)', '코로나19(진단키트)', '엠폭스(원숭이두창)', '코로나19(치료제/백신 개발 등)', '메르스 코로나 바이러스']"
1091,205500,액션스퀘어,"['게임', '모바일게임(스마트폰)']"
1092,003310,대주산업,['사료']
1093,900340,윙입푸드,"['지주사', '아프리카 돼지열병(ASF)', '국내 상장 중국기업']"
1094,056700,신화인터텍,['LCD 부품/소재']
1095,199730,바이오인프라,['2023 상반기 신규상장']
1096,052900,KX하이텍,"['SSD', '반도체 재료/부품']"
1097,037230,한국팩키지,
1098,067920,이글루,"['인터넷은행', '핀테크(FinTech)', '보안주(정보)']"
1099,388790,라이콤,"['LCD 부품/소재', '2021 하반기 신규상장', '휴대폰부품', '태블릿PC', 'LCD BLU제조', '5G(5세대 이동통신)', '통신장비']"
1100,059270,해성티피씨,"['로봇(산업용/협동로봇 등)', '2021 상반기 신규상장']"
1101,007720,대명소노시즌,"['CCTV＆DVR', '소모성자재구매대행(MRO)']"
1102,053350,이니텍,"['인터넷은행', '블록체인', '카카오뱅크(kakao BANK)', '핀테크(FinTech)', '삼성페이', '보안주(정보)']"
1103,060850,영림원소프트랩,"['AI 챗봇(챗GPT 등)', '2020 하반기 신규상장', '클라우드 컴퓨팅', '재택근무/스마트워크']"
1104,383930,디티앤씨알오,
1105,066360,체리부로,['육계']
1106,204630,스튜디오산타클로스,"['화장품', '엔터테인먼트', '영상콘텐츠']"
1107,097870,효성오앤비,"['농업', '조림사업', '비료']"
1108,018700,바른손,"['게임', '가상현실(VR)', '모바일게임(스마트폰)', '두나무(Dunamu)', '모더나(MODERNA)', '영화', '화장품', '엔터테인먼트', '영상콘텐츠', '모바일콘텐츠(스마트폰/태블릿PC)']"
1109,237820,플레이디,"['광고', '2020 상반기 신규상장']"
1110,019540,일지테크,"['日 수출 규제(국산화 등)', '자동차부품', '수소차(연료전지/부품/충전소 등)']"
1111,042040,케이피엠테크,"['日 수출 규제(국산화 등)', '코로나19(진단/치료제/백신 개발 등)', '코로나19(진단/치료제/백신 개발 등)', '마스크', '코로나19(치료제/백신 개발 등)', '메르스 코로나 바이러스', '가상화폐(비트코인 등)']"
1112,115310,인포바인,"['인터넷은행', '전자결제(전자화폐)', '삼성페이']"
1113,016600,큐캐피탈,
1114,060540,에스에이티,"['OLED(유기 발광 다이오드)', '2020 상반기 신규상장', '통신장비']"
1115,204020,그리티,"['日제품 불매운동(수혜)', '패션/의류']"
1116,291810,핀텔,['지능형로봇/인공지능(AI)']
1117,099390,브레인즈컴퍼니,"['지능형로봇/인공지능(AI)', '모바일솔루션(스마트폰)', 'AI 챗봇(챗GPT 등)', '2021 하반기 신규상장']"
1118,082210,옵트론텍,"['휴대폰부품', '갤럭시 부품주', '자율주행차', '카메라모듈/부품']"
1119,079170,한창산업,
1120,217620,디딤이앤에프,['음식료업종']
1121,066130,하츠,"['리모델링/인테리어', '황사/미세먼지']"
1122,258830,세종메디칼,"['코로나19(진단/치료제/백신 개발 등)', '코로나19(진단/치료제/백신 개발 등)', '코로나19(치료제/백신 개발 등)', '의료기기']"
1123,053620,태양,['자동차부품']
1124,286750,나노브릭,"['코로나19(진단/치료제/백신 개발 등)', '코로나19(진단/치료제/백신 개발 등)', '코로나19(진단키트)', '보안주(정보)', '2019 하반기 신규상장']"
1125,004780,대륙제관,
1126,050960,수산아이앤티,['보안주(정보)']
1127,042500,링네트,"['SI(시스템통합)', '사물인터넷', '재택근무/스마트워크', 'NI(네트워크통합)']"
1128,104200,NHN벅스,"['음원/음반', 'SNS(소셜네트워크서비스)', '모바일콘텐츠(스마트폰/태블릿PC)']"
1129,291650,압타머사이언스,"['제약업체', '2020 하반기 신규상장', '코로나19(치료제/백신 개발 등)']"
1130,033560,블루콤,"['휴대폰부품', '스마트폰', '음성인식']"
1131,189690,포시에스,['모바일콘텐츠(스마트폰/태블릿PC)']
1132,351320,에스에이티이엔지,"['OLED(유기 발광 다이오드)', '2020 상반기 신규상장']"
1133,270870,뉴트리,"['건강기능식품', '음식료업종']"
1134,376290,씨유테크,"['2021 하반기 신규상장', '갤럭시 부품주', '스마트폰']"
1135,065570,삼영이엔씨,"['조선기자재', '재난/안전(지진 등)']"
1136,049830,승일,['화장품']
1137,032980,바이온,"['화장품', '줄기세포']"
1138,022220,TKG애강,['수자원(양적/질적 개선)']
1139,044960,이글벳,"['백신/진단시약/방역(신종플루, AI 등)', '메르스 코로나 바이러스', '아프리카 돼지열병(ASF)', '구충제(펜벤다졸, 이버멕틴 등)']"
1140,219420,링크제니시스,"['스마트팩토리(스마트공장)', '지능형로봇/인공지능(AI)']"
1141,033200,모아텍,['3D 프린터']
1142,098120,마이크로컨텍솔,['반도체 재료/부품']
1143,004590,한국가구,
1144,032940,원익,"['2차전지(장비)', '폴더블폰', 'LCD 부품/소재', 'OLED(유기 발광 다이오드)', '전력저장장치(ESS)', '2차전지', 'LCD장비', '태양광에너지', '폐배터리', '수소차(연료전지/부품/충전소 등)', '초전도체', '의료기기', '반도체 장비', '전기차', '고령화 사회(노인복지)', '전기차(충전소/충전기)', '반도체 재료/부품']"
1145,065650,메디프론,['치매']
1146,090150,아이윈,"['모듈러주택', '자동차부품', '전기차', '카메라모듈/부품', '양자암호']"
1147,057540,옴니시스템,['스마트홈(홈네트워크)']
1148,039020,이건홀딩스,"['리모델링/인테리어', '조림사업', '태양광에너지', '지주사']"
1149,007530,와이엠,"['LCD 부품/소재', '아이폰', 'OLED(유기 발광 다이오드)', '전력저장장치(ESS)', '자동차부품', '2021 하반기 신규상장', '전기차', '전기차(충전소/충전기)', 'PCB(FPCB 등)']"
1150,131100,초록뱀이앤엠,"['2차전지', '2차전지(소재/부품)', '엔터테인먼트', '전기차', '음식료업종']"
1151,016100,리더스코스메틱,"['화장품', '골판지 제조']"
1152,100660,서암기계공업,"['로봇(산업용/협동로봇 등)', '우크라이나 재건', '공작기계', '풍력에너지', '철도']"
1153,221840,하이즈항공,['UAM(도심항공모빌리티)']
1154,094940,푸른기술,"['로봇(산업용/협동로봇 등)', '4차산업 수혜주', '철도', '화폐/금융자동화기기(디지털화폐 등)', '키오스크(KIOSK)']"
1155,067390,아스트,
1156,121850,코이즈,"['LCD 부품/소재', '2차전지', 'LCD BLU제조']"
1157,198440,고려시멘트,"['시멘트/레미콘', '아프리카 돼지열병(ASF)']"
1158,227610,아우딘퓨쳐스,['화장품']
1159,123010,아이윈플러스,"['모듈러주택', '카메라모듈/부품', '양자암호']"
1160,038870,에코바이오,"['온실가스(탄소배출권)', '수소차(연료전지/부품/충전소 등)']"
1161,037350,성도이엔지,['반도체 장비']
1162,220180,핸디소프트,"['사물인터넷', '통신장비']"
1163,208710,바이오로그디바이스,"['휴대폰부품', '바이오인식(생체인식)', '카메라모듈/부품', '양자암호']"
1164,340360,다보링크,"['메타버스(Metaverse)', '2019 하반기 신규상장', '5G(5세대 이동통신)', '통신장비']"
1165,255220,SG,"['건설 중소형', '온실가스(탄소배출권)', '4차산업 수혜주', '아스콘(아스팔트 콘크리트)', '블록체인', '시멘트/레미콘', 'SSD', '자동차부품', '패션/의류', '원자력발전', '원자력발전', 'SI(시스템통합)', '핀테크(FinTech)', '백신여권', '종합 물류', '사물인터넷', '클라우드 컴퓨팅', '교육/온라인 교육', '키오스크(KIOSK)', '보안주(정보)', '가상화폐(비트코인 등)']"
1166,219550,디와이디,"['우크라이나 재건', '건설 중소형', '화장품']"
1167,127120,디엔에이링크,"['코로나19(진단/치료제/백신 개발 등)', '코로나19(진단/치료제/백신 개발 등)', '코로나19(진단키트)', '유전자 치료제/분석']"
1168,222110,팬젠,['바이오시밀러(복제 바이오의약품)']
1169,238120,얼라인드,"['코로나19(진단/치료제/백신 개발 등)', '코로나19(진단/치료제/백신 개발 등)', '코로나19(진단키트)']"
1170,340440,세림B&G,['2019 하반기 신규상장']
1171,177830,파버나인,['키오스크(KIOSK)']
1172,053160,프리엠스,"['우크라이나 재건', '건설기계', '화폐/금융자동화기기(디지털화폐 등)']"
1173,244460,올리패스,"['화장품', 'mRNA(메신저 리보핵산)', '유전자 치료제/분석', '2019 하반기 신규상장']"
1174,036170,클라우드에어,"['온실가스(탄소배출권)', '자동차부품', '핀테크(FinTech)', 'LED', '가상화폐(비트코인 등)']"
1175,210120,빅텐츠,"['2023 하반기 신규상장', '영상콘텐츠']"
1176,126640,화신정공,['자동차부품']
1177,229000,젠큐릭스,"['코로나19(진단/치료제/백신 개발 등)', '코로나19(진단/치료제/백신 개발 등)', '코로나19(진단키트)', '2020 상반기 신규상장', '유전자 치료제/분석']"
1178,040160,누리플렉스,"['화폐/금융자동화기기(디지털화폐 등)', '스마트홈(홈네트워크)', '사물인터넷', 'NI(네트워크통합)', 'RFID(NFC 등)']"
1179,035290,골드앤에스,['교육/온라인 교육']
1180,228340,동양파일,['재난/안전(지진 등)']
1181,080520,오디텍,"['시스템반도체', 'LED']"
1182,072990,에이치시티,
1183,039420,케이엘넷,"['블록체인', 'SI(시스템통합)', '사물인터넷']"
1184,262840,아이퀘스트,['2021 상반기 신규상장']
1185,214610,미코바이오메드,"['코로나19(진단/치료제/백신 개발 등)', '코로나19(진단/치료제/백신 개발 등)', '백신/진단시약/방역(신종플루, AI 등)', '코로나19(진단키트)', '엠폭스(원숭이두창)', '2020 하반기 신규상장', '의료기기']"
1186,100030,인지소프트,"['모바일솔루션(스마트폰)', '인터넷은행', '클라우드 컴퓨팅']"
1187,101390,아이엠,"['증강현실(AR)', '가상현실(VR)', '4차산업 수혜주', '갤럭시 부품주', '사물인터넷', '카메라모듈/부품']"
1188,056730,CNT85,
1189,024830,세원물산,['자동차부품']
1190,034940,조아제약,"['마스크', '줄기세포', '제약업체', '구충제(펜벤다졸, 이버멕틴 등)']"
1191,376930,노을,['2022 상반기 신규상장']
1192,057030,YBM넷,"['교육/온라인 교육', '모바일콘텐츠(스마트폰/태블릿PC)']"
1193,040610,SG&G,"['자동차부품', '원자력발전', '원자력발전', '종합 물류']"
1194,014190,원익큐브,['폴더블폰']
1195,065440,이루온,"['모바일솔루션(스마트폰)', 'SNS(소셜네트워크서비스)', '삼성페이', '애플페이', 'RFID(NFC 등)', '5G(5세대 이동통신)']"
1196,298060,에스씨엠생명과학,"['화장품', '줄기세포', '2020 상반기 신규상장']"
1197,083550,케이엠,"['K-뉴딜지수', '황사/미세먼지', '마스크', '메르스 코로나 바이러스', 'K-뉴딜지수(인터넷)', 'LED', '5G(5세대 이동통신)', '통신장비']"
1198,331520,밸로프,"['게임', '모바일게임(스마트폰)', '2019 하반기 신규상장']"
1199,039610,화성밸브,"['피팅(관이음쇠)/밸브', '남-북-러 가스관사업']"
1200,040350,큐로컴,['슈퍼박테리아']
1201,038620,위즈코프,"['SI(시스템통합)', '사물인터넷', 'RFID(NFC 등)']"
1202,101240,씨큐브,"['화장품', '페라이트']"
1203,140520,대창스틸,"['DMZ 평화공원', '재난/안전(지진 등)', '원자력발전', '원자력발전', '전기차']"
1204,046940,우원개발,"['건설 중소형', '철도', '해저터널(지하화/지하도로 등)', '4대강 복원']"
1205,200780,비씨월드제약,"['코로나19(렘데시비르)', '코로나19(진단/치료제/백신 개발 등)', '코로나19(진단/치료제/백신 개발 등)', '제약업체', '코로나19(나파모스타트)']"
1206,153490,우리이앤엘,['LED']
1207,299170,더블유에스아이,['의료기기']
1208,013810,스페코,"['우크라이나 재건', '풍력에너지', '아스콘(아스팔트 콘크리트)', '남북경협']"
1209,377460,위니아에이드,"['아이폰', '소매유통', '2022 상반기 신규상장', '종합 물류', '스마트폰']"
1210,246690,TS인베스트먼트,"['크래프톤 관련주', '일자리(취업)', '4차산업 수혜주', '두나무(Dunamu)', '가상화폐(비트코인 등)']"
1211,260970,에스앤디,"['건강기능식품', '스마트홈(홈네트워크)', '2021 하반기 신규상장', '음식료업종', '2019 하반기 신규상장']"
1212,050860,아세아텍,['농업']
1213,208640,썸에이지,['모바일게임(스마트폰)']
1214,046310,백금T&A,['차량용블랙박스']
1215,192410,휴림네트웍스,"['우크라이나 재건', '4차산업 수혜주', '5G(5세대 이동통신)', '통신장비']"
1216,189860,서전기전,"['재난/안전(지진 등)', '원자력발전', '원자력발전', '전력설비']"
1217,042940,상지카일룸,"['건설 중소형', '스마트홈(홈네트워크)']"
1218,083470,이엠앤아이,"['휴대폰부품', '스마트폰']"
1219,054090,삼진엘앤디,"['LCD 부품/소재', '전력저장장치(ESS)', '2차전지', '2차전지(소재/부품)', '리비안(RIVIAN)', 'LED', 'LCD BLU제조']"
1220,036690,코맥스,"['스마트홈(홈네트워크)', 'CCTV＆DVR', '사물인터넷', '클라우드 컴퓨팅', '음성인식']"
1221,215790,이노인스트루먼트,"['우크라이나 재건', '5G(5세대 이동통신)', '통신장비']"
1222,065170,비엘팜텍,"['마리화나(대마)', '건강기능식품', '자원개발', '화장품']"
1223,299660,셀리드,"['코로나19(진단/치료제/백신 개발 등)', '코로나19(진단/치료제/백신 개발 등)', '면역항암제', '2019 상반기 신규상장', '코로나19(치료제/백신 개발 등)']"
1224,036180,지더블유바이텍,
1225,033540,파라텍,['재난/안전(지진 등)']
1226,019660,글로본,['화장품']
1227,368970,오에스피,['사료']
1228,051380,피씨디렉트,['드론(Drone)']
1229,052460,아이크래프트,"['SI(시스템통합)', '백신여권', '맥신(MXene)', '5G(5세대 이동통신)']"
1230,177350,베셀,"['터치패널(스마트폰/태블릿PC 등)', 'OLED(유기 발광 다이오드)', 'LCD장비', 'UAM(도심항공모빌리티)', '드론(Drone)']"
1231,290120,대유에이피,['자동차부품']
1232,187220,디티앤씨,"['원자력발전', '원자력발전', '드론(Drone)']"
1233,052600,한네트,"['화폐/금융자동화기기(디지털화폐 등)', '키오스크(KIOSK)']"
1234,024840,KBI메탈,"['자동차부품', '전선']"
1235,222980,한국맥널티,['음식료업종']
1236,246960,이노테라피,"['크래프톤 관련주', '2019 상반기 신규상장']"
1237,039010,현대에이치티,"['보안주(물리)', '스마트홈(홈네트워크)', 'LED', '음성인식']"
1238,208340,파멥신,"['면역항암제', '바이오시밀러(복제 바이오의약품)']"
1239,147760,피엠티,['반도체 재료/부품']
1240,212560,네오오토,['자동차부품']
1241,238200,비피도,"['건강기능식품', '음식료업종', '마이크로바이옴', '마이크로바이옴']"
1242,169330,엠브레인,['2020 하반기 신규상장']
1243,014970,삼륭물산,"['日 수출 규제(국산화 등)', 'DMZ 평화공원']"
1244,073110,엘엠에스,"['LCD 부품/소재', '메타버스(Metaverse)', '그래핀', '태블릿PC', '스마트폰']"
1245,303030,지니틱스,"['시스템반도체', '삼성페이']"
1246,094970,제이엠티,"['LCD 부품/소재', 'OLED(유기 발광 다이오드)']"
1247,267790,배럴,"['日제품 불매운동(수혜)', '패션/의류', '치매', '여름']"
1248,318410,비비씨,['2020 하반기 신규상장']
1249,129890,앱코,['2020 하반기 신규상장']
1250,331380,포커스에이치엔에스,"['보안주(물리)', 'CCTV＆DVR', '2019 하반기 신규상장']"
1251,080010,이상네트웍스,['소모성자재구매대행(MRO)']
1252,035620,바른손이앤에이,"['게임', '가상현실(VR)', '모바일게임(스마트폰)', '모더나(MODERNA)', '영화', '영상콘텐츠']"
1253,043340,에쎈테크,['여름']
1254,021040,대호특수강,['철강 중소형']
1255,221980,케이디켐,
1256,010280,쌍용정보통신,"['SI(시스템통합)', '클라우드 컴퓨팅']"
1257,006050,국영지앤엠,['철도']
1258,047080,한빛소프트,"['증강현실(AR)', '게임', '가상현실(VR)', '모바일게임(스마트폰)', '메타버스(Metaverse)', '블록체인', '드론(Drone)', '가상화폐(비트코인 등)']"
1259,085910,네오티스,"['블록체인', '자동차부품', '전기차', 'PCB(FPCB 등)']"
1260,017000,신원종합개발,['건설 중소형']
1261,064090,웨스트라이즈,['화장품']
1262,037760,쎄니트,"['비철금속', '시멘트/레미콘', '영화']"
1263,089150,케이씨티,"['화폐/금융자동화기기(디지털화폐 등)', '키오스크(KIOSK)']"
1264,045060,오공,"['게임', '황사/미세먼지', '마스크', '엔젤산업', '메르스 코로나 바이러스', '캐릭터상품']"
1265,187270,신화콘텍,['갤럭시 부품주']
1266,005670,푸드웰,['음식료업종']
1267,019570,리더스 기술투자,
1268,297570,알로이스,['쿠팡(coupang)']
1269,054540,삼영엠텍,"['북한 광물자원개발', '풍력에너지', '조선기자재', '재난/안전(지진 등)', '원자력발전', '원자력발전']"
1270,419540,비스토스,['의료기기']
1271,031310,아이즈비전,['MVNO(가상이동통신망사업자)']
1272,008830,대동기어,"['농업', '자동차부품']"
1273,053950,경남제약,"['건강기능식품', '백신/진단시약/방역(신종플루, AI 등)', '제약업체', '아프리카 돼지열병(ASF)', '콜드체인(저온 유통)']"
1274,289010,아이스크림에듀,"['쿠팡(coupang)', '교육/온라인 교육', '2019 하반기 신규상장']"
1275,193250,와이제이엠게임즈,"['가상현실(VR)', '모바일게임(스마트폰)', '메타버스(Metaverse)', '스마트폰']"
1276,131220,대한과학,"['사물인터넷', '콜드체인(저온 유통)']"
1277,417180,핑거스토리,"['웹툰', '모바일콘텐츠(스마트폰/태블릿PC)']"
1278,153460,네이블,['모바일솔루션(스마트폰)']
1279,076610,해성옵틱스,"['드론(Drone)', '바이오인식(생체인식)', '카메라모듈/부품', '스마트폰']"
1280,279600,미디어젠,"['2019 하반기 신규상장', '음성인식']"
1281,352770,클리노믹스,"['2020 하반기 신규상장', '유전자 치료제/분석']"
1282,038950,파인디지털,"['차량용블랙박스', '자율주행차', '음성인식']"
1283,352940,인바이오,"['농업', '코로나19(진단/치료제/백신 개발 등)', '코로나19(진단/치료제/백신 개발 등)', '코로나19(진단키트)', '패션/의류', '2020 하반기 신규상장', '코로나19(치료제/백신 개발 등)', '키오스크(KIOSK)', '가상화폐(비트코인 등)']"
1284,087600,픽셀플러스,"['보안주(물리)', '카메라모듈/부품']"
1285,024120,KB오토시스,['자동차부품']
1286,012340,뉴인텍,"['태양광에너지', '수소차(연료전지/부품/충전소 등)', '전기차']"
1287,138070,신진에스엠,
1288,222160,바이옵트로,"['스마트팩토리(스마트공장)', '2021 하반기 신규상장', 'PCB(FPCB 등)']"
1289,049630,재영솔루텍,"['남북경협', '자동차부품', '휴대폰부품', '카메라모듈/부품']"
1290,023770,플레이위드,"['게임', '모바일게임(스마트폰)']"
1291,114450,그린생명과학,"['농업', '제약업체', '화이자(PFIZER)']"
1292,328380,솔트웨어,"['클라우드 컴퓨팅', '2019 하반기 신규상장']"
1293,008370,원풍,"['마이크로 LED', '패션/의류']"
1294,069410,엔텔스,"['사물인터넷', '클라우드 컴퓨팅', '5G(5세대 이동통신)']"
1295,115480,씨유메디칼,"['의료기기', '고령화 사회(노인복지)']"
1296,054300,팬스타엔터프라이즈,"['2차전지(LFP/리튬인산철)', '쿠팡(coupang)']"
1297,058110,멕아이씨에스,['의료기기']
1298,347700,라이프시맨틱스,"['2021 상반기 신규상장', 'U-Healthcare(원격진료)']"
1299,021650,한국큐빅,
1300,031510,오스템,['자동차부품']
1301,009620,삼보산업,
1302,344860,이노진,"['탈모 치료', '2023 상반기 신규상장']"
1303,127710,아시아경제,"['광고', '미디어(방송/신문)']"
1304,405920,나라셀라,"['주류업(주정, 에탄올 등)', '2023 상반기 신규상장']"
1305,320000,윈텍,"['2차전지(장비)', 'OLED(유기 발광 다이오드)', '2차전지', 'LCD장비', '2019 하반기 신규상장', 'MLCC(적층세라믹콘덴서)']"
1306,064520,테크엘,['스마트폰']
1307,332370,아이디피,['2020 하반기 신규상장']
1308,045520,크린앤사이언스,"['공기청정기', '황사/미세먼지', '마스크', '메르스 코로나 바이러스']"
1309,050120,ES큐브,['가상화폐(비트코인 등)']
1310,032960,동일기연,['전자파']
1311,252500,세화피앤씨,['화장품']
1312,187660,에이디엠코리아,['2021 상반기 신규상장']
1313,353190,휴럼,"['건강기능식품', '2020 상반기 신규상장', '음식료업종']"
1314,006920,모헨즈,"['DMZ 평화공원', '시멘트/레미콘']"
1315,021880,메이슨캐피탈,
1316,372800,아이티아이즈,"['마이데이터', '2021 하반기 신규상장']"
1317,263020,디케이앤디,['마스크']
1318,019770,서연탑메탈,"['우크라이나 재건', '건설기계', '자동차부품']"
1319,025880,케이씨피드,"['사료', '마켓컬리(kurly)']"
1320,356890,싸이버원,"['2021 상반기 신규상장', '보안주(물리)', '보안주(정보)']"
1321,187790,나노,"['터치패널(스마트폰/태블릿PC 등)', '증강현실(AR)', '리튬', '2021 상반기 신규상장', 'LCD 부품/소재', 'OLED(유기 발광 다이오드)', '2차전지', '2차전지(소재/부품)', '태양광에너지', '코로나19(진단/치료제/백신 개발 등)', '코로나19(진단/치료제/백신 개발 등)', '황사/미세먼지', '2022 상반기 신규상장', '코로나19(진단키트)', '마스크', '태블릿PC', '의료기기', '전기차', '고령화 사회(노인복지)', '페라이트', '2023 상반기 신규상장', 'LED', '보안주(정보)', '2019 하반기 신규상장', '맥신(MXene)', 'U-Healthcare(원격진료)', '반도체 재료/부품']"
1322,065150,DSEN,"['스포츠행사 수혜(올림픽, 월드컵 등)', '음식료업종']"
1323,133750,메가엠디,"['일자리(취업)', '교육/온라인 교육']"
1324,032580,피델릭스,"['휴대폰부품', '스마트폰']"
1325,032750,삼진,"['LCD 부품/소재', '전력저장장치(ESS)', '2차전지', '2차전지(소재/부품)', '치매', '제약업체', '메르스 코로나 바이러스', '리비안(RIVIAN)', '사물인터넷', 'LED', 'LCD BLU제조']"
1326,197140,디지캡,['보안주(정보)']
1327,131760,파인텍,"['터치패널(스마트폰/태블릿PC 등)', '플렉서블 디스플레이', '폴더블폰', 'OLED(유기 발광 다이오드)', '태양광에너지', '자동차부품']"
1328,001000,신라섬유,
1329,002290,삼일기업공사,['건설 중소형']
1330,051780,큐로홀딩스,"['자원개발', '엔터테인먼트', '영상콘텐츠']"
1331,020180,대신정보통신,"['토스(toss)', '토스(toss)', 'SI(시스템통합)']"
1332,017510,세명전기,"['철도', '해저터널(지하화/지하도로 등)', '전력설비']"
1333,060380,동양에스텍,"['남-북-러 가스관사업', '철강 중소형']"
1334,060240,룽투코리아,"['게임', '모바일게임(스마트폰)']"
1335,204840,지엘팜텍,['제약업체']
1336,143540,영우디에스피,"['지능형로봇/인공지능(AI)', 'OLED(유기 발광 다이오드)', '마이크로 LED']"
1337,085810,알티캐스트,['전기차(충전소/충전기)']
1338,203450,유니온커뮤니티,['바이오인식(생체인식)']
1339,130500,GH신소재,"['코로나19(음압병실/음압구급차)', '자동차부품']"
1340,131090,시큐브,"['인터넷은행', '블록체인', '핀테크(FinTech)', '바이오인식(생체인식)', '보안주(정보)']"
1341,002680,한탑,"['환율하락 수혜', '사료', '음식료업종']"
1342,900300,오가닉티코스메틱,"['화장품', '엔젤산업', '지주사', '국내 상장 중국기업']"
1343,318160,셀바이오휴먼텍,['2023 상반기 신규상장']
1344,018680,서울제약,"['제약업체', '화이자(PFIZER)']"
1345,089230,THE E&M,
1346,044480,블레이드 Ent,"['NFT(대체불가토큰)', '엠폭스(원숭이두창)', '메르스 코로나 바이러스', '스포츠행사 수혜(올림픽, 월드컵 등)', '코로나19(혈장치료/혈장치료제)']"
1347,303360,프로테옴텍,"['백신/진단시약/방역(신종플루, AI 등)', '의료기기', '2023 상반기 신규상장']"
1348,036000,예림당,"['출산장려정책', '엔젤산업']"
1349,043090,엑서지21,"['백신/진단시약/방역(신종플루, AI 등)']"
1350,114630,폴라리스우노,
1351,049120,파인디앤씨,['LCD 부품/소재']
1352,184230,SGA솔루션즈,"['4차산업 수혜주', '블록체인', 'SI(시스템통합)', '핀테크(FinTech)', '백신여권', '사물인터넷', '클라우드 컴퓨팅', '키오스크(KIOSK)', '보안주(정보)', '가상화폐(비트코인 등)']"
1353,052300,초록뱀컴퍼니,['종합 물류']
1354,123750,알톤스포츠,"['전기자전거', '자전거']"
1355,159910,스킨앤스킨,['화장품']
1356,323230,엠에프엠코리아,"['패션/의류', '2019 상반기 신규상장']"
1357,191410,육일씨엔에쓰,"['자동차부품', '스마트폰']"
1358,043710,서울리거,
1359,139050,시티랩스,"['보안주(물리)', '블록체인', 'CCTV＆DVR']"
1360,001810,무림SP,['제지']
1361,045300,성우테크론,"['반도체 장비', 'PCB(FPCB 등)']"
1362,051390,YW,
1363,013720,CBI,['자동차부품']
1364,052860,아이앤씨,"['시스템반도체', '휴대폰부품', '스마트폰']"
1365,066430,와이오엠,
1366,317120,라닉스,"['시스템반도체', '자율주행차', '보안주(정보)', '2019 하반기 신규상장']"
1367,232830,시큐센,"['핀테크(FinTech)', '2023 상반기 신규상장', '바이오인식(생체인식)', '보안주(정보)']"
1368,110020,전진바이오팜,['아프리카 돼지열병(ASF)']
1369,045510,정원엔시스,['SI(시스템통합)']
1370,296640,이노룰스,
1371,093380,풍강,['자동차부품']
1372,030350,드래곤플라이,"['증강현실(AR)', '게임', '가상현실(VR)', '모바일게임(스마트폰)', '메타버스(Metaverse)', 'NFT(대체불가토큰)']"
1373,059100,아이컴포넌트,"['플렉서블 디스플레이', 'OLED(유기 발광 다이오드)']"
1374,071460,위니아,"['제습기', '공기청정기', '아이폰', '소매유통', '황사/미세먼지', '2022 상반기 신규상장', '여름', '종합 물류', '스마트폰']"
1375,104040,대성파인텍,"['태양광에너지', '자동차부품']"
1376,198080,엔피디,"['2020 상반기 신규상장', '스마트폰']"
1377,039310,세중,"['3D 프린터', '여행']"
1378,347770,핌스,"['OLED(유기 발광 다이오드)', '2020 하반기 신규상장']"
1379,148250,알엔투테크놀로지,"['2차전지', '2차전지(소재/부품)', '페라이트', '통신장비']"
1380,075130,플랜티넷,"['모바일콘텐츠(스마트폰/태블릿PC)', '보안주(정보)']"
1381,095910,에스에너지,"['태양광에너지', '수소차(연료전지/부품/충전소 등)']"
1382,012620,원일특강,['철강 중소형']
1383,900110,이스트아시아홀딩스,"['패션/의류', '국내 상장 중국기업']"
1384,119500,포메탈,"['로봇(산업용/협동로봇 등)', '농업', '풍력에너지', '자동차부품']"
1385,008470,부스타,['겨울']
1386,080720,한국유니온제약,"['제약업체', '코로나19(덱사메타손)', '코로나19(혈장치료/혈장치료제)']"
1387,094860,네오리진,"['게임', '모바일게임(스마트폰)', '보안주(정보)']"
1388,035460,기산텔레콤,"['UAM(도심항공모빌리티)', '드론(Drone)', '5G(5세대 이동통신)', '통신장비']"
1389,026040,제이에스티나,"['남북경협', '패션/의류', '면세점']"
1390,043590,웰킵스하이텍,"['OLED(유기 발광 다이오드)', '무선충전기술', '스마트폰', '반도체 재료/부품']"
1391,080530,코디,"['LCD 부품/소재', 'LED장비', 'OLED(유기 발광 다이오드)', '화장품', '면역항암제', '반도체 장비']"
1392,008290,원풍물산,"['마이크로 LED', '패션/의류']"
1393,016670,디모아,['증강현실(AR)']
1394,067010,이씨에스,"['철도', '화폐/금융자동화기기(디지털화폐 등)', 'SI(시스템통합)', '의료기기', '마켓컬리(kurly)', '재택근무/스마트워크', '키오스크(KIOSK)', '양자암호']"
1395,258790,소프트캠프,"['재택근무/스마트워크', '보안주(정보)']"
1396,115610,이미지스,"['터치패널(스마트폰/태블릿PC 등)', '모바일솔루션(스마트폰)', '시스템반도체', '스마트폰']"
1397,322180,티라유텍,"['스마트팩토리(스마트공장)', '2019 하반기 신규상장']"
1398,080470,성창오토텍,"['황사/미세먼지', '자동차부품', '수소차(연료전지/부품/충전소 등)', '전기차']"
1399,101000,상상인인더스트리,['조선기자재']
1400,290270,휴네시온,"['클라우드 컴퓨팅', '재택근무/스마트워크', '보안주(정보)']"
1401,190650,코리아에셋투자증권,"['증권', 'STO(증권형 토큰 발행)', '2019 하반기 신규상장', '코로나19(스푸트니크V)']"
1402,154040,다산솔루에타,"['그래핀', '태블릿PC', '전자파', '스마트폰']"
1403,049470,SGA,"['4차산업 수혜주', '블록체인', 'SSD', 'SI(시스템통합)', '핀테크(FinTech)', '백신여권', '사물인터넷', '클라우드 컴퓨팅', '교육/온라인 교육', '키오스크(KIOSK)', '보안주(정보)', '가상화폐(비트코인 등)']"
1404,054180,메디콕스,"['마리화나(대마)', '철도', '조선기자재', '코로나19(진단/치료제/백신 개발 등)', '코로나19(진단/치료제/백신 개발 등)', '코로나19(진단키트)', '코로나19(치료제/백신 개발 등)']"
1405,039980,리노스,"['우크라이나 재건', '철도', 'AI 챗봇(챗GPT 등)', '패션/의류', '재난/안전(지진 등)']"
1406,215480,토박스코리아,"['출산장려정책', '패션/의류', '엔젤산업']"
1407,036480,대성미생물,"['백신/진단시약/방역(신종플루, AI 등)', '구제역/광우병 수혜', '아프리카 돼지열병(ASF)', '구충제(펜벤다졸, 이버멕틴 등)']"
1408,113810,디젠스,['자동차부품']
1409,154030,아시아종묘,['농업']
1410,227100,에이치앤비디자인,"['마스크', '스마트폰']"
1411,103230,에스앤더블류,"['조선기자재', '원자력발전', '원자력발전', '원자력발전소 해체']"
1412,038530,케이바이오,"['게임', '모바일게임(스마트폰)', '코로나19(진단/치료제/백신 개발 등)', '코로나19(진단/치료제/백신 개발 등)', '코로나19(치료제/백신 개발 등)', '의료기기']"
1413,208350,지란지교시큐리티,['보안주(정보)']
1414,037400,우리엔터프라이즈,['LED']
1415,065060,지엔코,['패션/의류']
1416,225590,패션플랫폼,['패션/의류']
1417,016920,카스,"['공기청정기', '마스크']"
1418,317530,캐리소프트,"['출산장려정책', '엔젤산업', '캐릭터상품', '영상콘텐츠', '교육/온라인 교육', '2019 하반기 신규상장']"
1419,060260,뉴보텍,"['태풍 및 장마', '수자원(양적/질적 개선)']"
1420,072950,빛샘전자,"['철도', 'LED', '통신장비']"
1421,308100,까스텔바작,"['패션/의류', '2019 상반기 신규상장', '골프']"
1422,192390,윈하이텍,
1423,900280,골든센츄리,"['농업', '타이어', '지주사', '국내 상장 중국기업']"
1424,018620,우진비앤지,"['농업', '백신/진단시약/방역(신종플루, AI 등)', '사료', '구제역/광우병 수혜', '메르스 코로나 바이러스', '아프리카 돼지열병(ASF)', '비료']"
1425,310870,디와이씨,['자동차부품']
1426,092600,앤씨앤,"['차량용블랙박스', '보안주(물리)', '시스템반도체', 'CCTV＆DVR', '자율주행차']"
1427,081580,성우전자,"['핀테크(FinTech)', '전자파', '카메라모듈/부품', '스마트폰']"
1428,048470,대동스틸,"['남-북-러 가스관사업', '철강 중소형']"
1429,424760,벨로크,"['보안주(물리)', '보안주(정보)']"
1430,060480,국일신동,['비철금속']
1431,237750,피앤씨테크,"['철도', '전력설비']"
1432,084440,유비온,['교육/온라인 교육']
1433,053060,세동,['자동차부품']
1434,014100,메디앙스,"['日제품 불매운동(수혜)', '출산장려정책', '마스크', '엔젤산업']"
1435,380540,옵티코어,"['5G(5세대 이동통신)', '통신장비']"
1436,086060,진바이오텍,"['백신/진단시약/방역(신종플루, AI 등)', '아프리카 돼지열병(ASF)', '구충제(펜벤다졸, 이버멕틴 등)']"
1437,033050,제이엠아이,['LED']
1438,079000,와토스코리아,['수자원(양적/질적 개선)']
1439,065500,오리엔트정공,"['자동차부품', '그래핀']"
1440,032800,판타지오,"['음원/음반', '엔터테인먼트']"
1441,331920,셀레믹스,"['2020 하반기 신규상장', '아프리카 돼지열병(ASF)', '유전자 치료제/분석']"
1442,032080,아즈텍WB,
1443,900070,글로벌에스엠,"['온실가스(탄소배출권)', '2차전지', '2차전지(소재/부품)', '수소차(연료전지/부품/충전소 등)', '지주사', '전기차', '국내 상장 중국기업']"
1444,044780,에이치케이,
1445,101400,엔시트론,
1446,333050,모코엠시스,"['보안주(정보)', '2019 하반기 신규상장']"
1447,361670,삼영에스앤씨,"['2021 상반기 신규상장', '수소차(연료전지/부품/충전소 등)']"
1448,069140,누리플랜,"['DMZ 평화공원', '황사/미세먼지']"
1449,099410,동방선기,['조선기자재']
1450,131180,딜리,['DMZ 평화공원']
1451,071850,캐스텍코리아,['자동차부품']
1452,063760,이엘피,"['OLED(유기 발광 다이오드)', 'LCD장비']"
1453,123840,한일진공,"['가상화폐(비트코인 등)', '스마트폰']"
1454,365900,브이씨,"['2022 상반기 신규상장', '골프']"
1455,045340,토탈소프트,['가상현실(VR)']
1456,027040,서울전자통신,"['핀테크(FinTech)', '삼성페이']"
1457,054940,엑사이엔씨,"['탄소나노튜브(CNT)', '그래핀', '휴대폰부품', '사물인터넷']"
1458,035200,프럼파스트,
1459,058450,엔터파트너즈,['스마트폰']
1460,025870,신라에스지,"['구제역/광우병 수혜', '수산', '아프리카 돼지열병(ASF)']"
1461,048830,엔피케이,['아스콘(아스팔트 콘크리트)']
1462,050760,에스폴리텍,"['LCD 부품/소재', '태양광에너지', 'LED']"
1463,091340,S&K폴리텍,
1464,079190,케스피온,"['2차전지', '황사/미세먼지', '엠폭스(원숭이두창)', '휴대폰부품', '페라이트', '스마트폰']"
1465,225430,케이엠제약,['마스크']
1466,067730,로지시스,['화폐/금융자동화기기(디지털화폐 등)']
1467,138360,협진,
1468,017250,인터엠,
1469,215380,우정바이오,"['코로나19(음압병실/음압구급차)', '메르스 코로나 바이러스', '유전자 치료제/분석']"
1470,083640,인콘,"['보안주(물리)', 'CCTV＆DVR', '면역항암제', '재난/안전(지진 등)', '마스크']"
1471,106240,파인테크닉스,"['폴더블폰', '휴대폰부품', 'LED']"
1472,098660,에스티오,['패션/의류']
1473,179530,애드바이오텍,"['2022 상반기 신규상장', '사료']"
1474,072520,제넨바이오,['폐기물처리']
1475,079950,인베니아,"['OLED(유기 발광 다이오드)', 'LCD장비']"
1476,079650,서산,['시멘트/레미콘']
1477,335870,윙스풋,"['패션/의류', '2019 하반기 신규상장']"
1478,043200,파루,"['태풍 및 장마', '태양광에너지', '백신/진단시약/방역(신종플루, AI 등)', '슈퍼박테리아', '메르스 코로나 바이러스', '아프리카 돼지열병(ASF)']"
1479,148780,비플라이소프트,"['지능형로봇/인공지능(AI)', '2022 상반기 신규상장']"
1480,196700,웹스,"['DMZ 평화공원', '자동차부품', '4대강 복원']"
1481,020400,대동금속,"['농업', '건설기계', '자동차부품']"
1482,123330,제닉,['화장품']
1483,137940,넥스트아이,"['2차전지(장비)', '2차전지', 'LCD장비', '화장품']"
1484,032280,삼일,"['건설 중소형', '풍력에너지', '철도', '황사/미세먼지', '재난/안전(지진 등)', '제약업체', '종합 물류']"
1485,043100,솔고바이오,"['치매', '의료기기']"
1486,250930,예선테크,"['LCD 부품/소재', 'OLED(유기 발광 다이오드)']"
1487,224060,더코디,"['면역항암제', '반도체 장비']"
1488,073190,듀오백,
1489,321820,와이더플래닛,"['지능형로봇/인공지능(AI)', '2021 상반기 신규상장', '광고', '쿠팡(coupang)']"
1490,115570,스타플렉스,
1491,091440,텔레필드,"['스마트홈(홈네트워크)', '사물인터넷', '5G(5세대 이동통신)', '양자암호', '통신장비']"
1492,115530,씨엔플러스,['풍력에너지']
1493,054220,비츠로시스,"['네옴시티', '철도', '수자원(양적/질적 개선)', 'CCTV＆DVR', '전력설비', '사물인터넷']"
1494,054410,케이피티유,
1495,066790,씨씨에스,['케이블TV SO/MSO']
1496,130740,티피씨글로벌,"['로봇(산업용/협동로봇 등)', '자동차부품']"
1497,275630,에스에스알,['보안주(정보)']
1498,900120,씨케이에이치,['국내 상장 중국기업']
1499,223310,커머스마이너,"['지능형로봇/인공지능(AI)', '증강현실(AR)', '4차산업 수혜주', '스마트카(SMART CAR)', '사물인터넷', '자율주행차', '드론(Drone)']"
1500,290660,네오펙트,"['지능형로봇/인공지능(AI)', '의료기기', 'U-Healthcare(원격진료)']"
1501,023790,동일철강,['철강 중소형']
1502,065770,CS,"['수자원(양적/질적 개선)', '스마트그리드(지능형전력망)', '스마트홈(홈네트워크)', '화장품', '지주사', '제4이동통신', '통신장비']"
1503,011080,형지I&C,['패션/의류']
1504,070590,한솔인티큐브,['SI(시스템통합)']
1505,054630,에이디칩스,"['지능형로봇/인공지능(AI)', '4차산업 수혜주', '시스템반도체', '사물인터넷', '콜드체인(저온 유통)']"
1506,026910,광진실업,
1507,134060,이퓨쳐,['교육/온라인 교육']
1508,043360,디지아이,
1509,062970,피피아이,"['2019 하반기 신규상장', '5G(5세대 이동통신)', '통신장비']"
1510,101680,한국정밀기계,['공작기계']
1511,073540,에프알텍,"['LED', '5G(5세대 이동통신)', '통신장비']"
1512,900260,로스웰,"['지주사', '전기차', '국내 상장 중국기업']"
1513,091970,나노캠텍,"['증강현실(AR)', '마스크']"
1514,039740,한국정보공학,
1515,050090,비케이홀딩스,"['광고', '반도체 재료/부품']"
1516,161570,THE MIDONG,"['차량용블랙박스', '자율주행차']"
1517,033790,스카이문스테크놀로지,"['모바일게임(스마트폰)', '통신장비']"
1518,065420,에스아이리소스,['자원개발']
1519,900270,헝셩그룹,"['출산장려정책', '엔젤산업', '지주사', '국내 상장 중국기업']"
1520,069330,유아이디,"['터치패널(스마트폰/태블릿PC 등)', 'LCD 부품/소재', '태블릿PC', '스마트폰']"
1521,067770,세진티에스,['LCD 부품/소재']
1522,078860,아이오케이,"['증강현실(AR)', '엔터테인먼트', '가상화폐(비트코인 등)']"
1523,065690,파커스,['LED']
1524,096870,엘디티,"['OLED(유기 발광 다이오드)', 'LED', '스마트폰']"
1525,070300,엑스큐어,['RFID(NFC 등)']
1526,044180,KD,['건설 중소형']
1527,046070,코다코,"['자동차부품', '리비안(RIVIAN)', '전기차']"
1528,03481K,해성산업1우,
1529,08537M,루트로닉3우C,
1530,032685,소프트센우,
1531,021045,대호특수강우,
1532,060370,LS마린솔루션,"['해저터널(지하화/지하도로 등)', '재난/안전(지진 등)']"
1533,355390,크라우드웍스,"['지능형로봇/인공지능(AI)', '2023 하반기 신규상장']"
