,Theme,Name
0,테마명,[]
1,정유,"['S-Oil', 'GS', 'SK이노베이션']"
2,크래프톤 관련주,"['넵튠', '이노테라피', 'TS인베스트먼트', '카카오게임즈', '크래프톤', '넥슨게임즈', '대성창투', '아주IB투자']"
3,로봇(산업용/협동로봇 등),"['에스비비테크', '스맥', '에스피지', '우림피티에스', '로보스타', '알에스오토메이션', '해성티피씨', '케이피에프', '유일로보틱스', '아진엑스텍', '푸른기술', '러셀', '휴림로봇', '티로보틱스', '에스피시스템스', '신성델타테크', 'TPC', '뉴로메카', '라온테크', '티피씨글로벌', '삼익THK', '포메탈', '퍼스텍', '피제이전자', '현대무벡스', '브이원텍', '서암기계공업', '레인보우로보틱스', '싸이맥스', '코닉오토메이션', '두산', '제우스']"
4,농업,"['대동', '대동기어', '우림피티에스', 'TYM', '대동금속', '아세아텍', '포메탈', '롯데정밀화학', '그린생명과학', '효성오앤비', '우진비앤지', '대유', '농우바이오', '남해화학', '조비', 'KG케미칼', '경농', '동방아그로', '골든센츄리', '성보화학', '누보', '인바이오', '아시아종묘', '카프로']"
5,터치패널(스마트폰/태블릿PC 등),"['파인텍', '미래나노텍', '하이딥', '이미지스', '에코볼트', '유아이디', '이큐셀', '일진디스플', '베셀', '토비스']"
6,철강 주요종목,"['동국씨엠', '동국제강', 'POSCO홀딩스', '현대제철', '포스코스틸리온', '세아베스틸지주', '동국홀딩스', 'KG스틸', '세아제강', '한국철강', '대한제강', '고려제강']"
7,윤활유,"['S-Oil', 'GS', '흥구석유', '극동유화', 'SK이노베이션', '한국쉘석유', '미창석유']"
8,태풍 및 장마,"['대동', '롯데정밀화학', '조비', '남해화학', '코엔텍', '경농', '파루', '동방아그로', '인선이엔티', '하이드로리튬', '뉴보텍']"
9,타이어,"['효성티앤씨', '금호석유', '효성첨단소재', '다이나믹디자인', '코오롱인더', '넥센타이어', '애머릿지', '한국앤컴퍼니', '넥센', '동아타이어', '골든센츄리', '금호타이어', '한국타이어앤테크놀로지']"
10,LPG(액화석유가스),"['S-Oil', 'GS', '중앙에너비스', '흥구석유', '극동유화', 'SK이노베이션', 'E1', 'SK가스', '대성산업']"
11,종합상사,"['효성티앤씨', '포스코인터내셔널', 'LX인터내셔널', 'SK네트웍스', '삼성물산', 'GS글로벌', 'STX', '현대코퍼레이션']"
12,스마트팩토리(스마트공장),"['이삭엔지니어링', '스맥', '포스코DX', '알에스오토메이션', '트윔', '코윈테크', '유일로보틱스', '아진엑스텍', '바이옵트로', '휴림로봇', '에스피시스템스', 'TPC', '라온테크', '삼익THK', 'MDS테크', 'LG', '엠투아이', '현대무벡스', 'SK', '한신기계', '링크제니시스', '오픈베이스', '동국알앤에스', '고영', '효성ITX', '시스웍', '삼성에스디에스', '비엠티', 'LS ELECTRIC', '코닉오토메이션', '에스엠코어', '팸텍', '톱텍', '엠아이큐브솔루션', '더존비즈온', '티라유텍']"
13,탄소나노튜브(CNT),"['금호석유', '엑사이엔씨', '상보', 'LG화학', '제이오', '오픈베이스', '대유플러스']"
14,전기자전거,"['에스피지', '삼성SDI', '이랜텍', '삼천리자전거', 'HL만도', '알톤스포츠', '파워로직스']"
15,자전거,"['한국석유', '에스유홀딩스', '극동유화', '빅텍', '삼천리자전거', '알톤스포츠']"
16,석유화학,"['대한유화', '금호석유', '롯데케미칼', '한화솔루션', 'LG화학', '코오롱인더', 'SK이노베이션', '그린케미칼', 'SKC', 'SK케미칼', 'KPX케미칼', '태광산업', '이수화학', '동성케미컬', '효성화학', '삼양사', '애경케미칼']"
17,차량용블랙박스,"['시너지이노베이션', '백금T&A', 'THE MIDONG', '현대모비스', '앤씨앤', '엠씨넥스', '파인디지털', '제이씨현시스템', '팅크웨어', '모바일어플라이언스']"
18,2차전지(생산),"['LG화학', '삼성SDI', 'SK이노베이션', 'LG에너지솔루션']"
19,제습기,"['에스피지', 'LG전자', '코웨이', '쿠쿠홈시스', '위닉스', '삼성전자', '신일전자', '위니아', '파세코']"
20,홈쇼핑,"['롯데쇼핑', 'GS리테일', 'CJ ENM', '태광산업', '현대홈쇼핑']"
21,3D 프린터,"['스맥', '로보스타', '휴림로봇', 'TPC', '디오', '프로텍', '코렌텍', '티앤알바이오팹', '한국테크놀로지', '신도리코', '모아텍', '하이비젼시스템', '세중', '에스티아이']"
22,페인트,"['벽산', 'KCC', '노루페인트', 'AK홀딩스', '노루홀딩스', '강남제비스코', '삼화페인트', '조광페인트']"
23,모듈러주택,"['에스와이', 'POSCO홀딩스', 'GS건설', '덕신하우징', '코오롱글로벌', '범양건영', '삼성물산', '금강공업', '한신공영', '자연과환경', '아이윈플러스']"
24,건설 대표주,"['DL', '현대건설', 'GS건설', 'DL이앤씨', 'HDC현대산업개발', '삼성물산', '대우건설']"
25,테마파크,"['신세계건설', '시공테크', '현대건설', '국보디자인', '한국종합기술', '이월드']"
26,백화점,"['롯데쇼핑', '대구백화점', '신세계', '현대백화점', '한화갤러리아', '광주신세계', '베뉴지']"
27,화학섬유,"['효성티앤씨', '코오롱인더', '태광산업', '대한화섬', '휴비스', '티케이케미칼', '성안']"
28,지능형로봇/인공지능(AI),"['스맥', '이랜시스', '로보스타', '코난테크놀로지', '씨유박스', '트윔', '모아데이타', '루닛', '엠로', '유일로보틱스', '솔트룩스', '로보로보', '커머스마이너', '러셀', '로보티즈', '휴림로봇', '티로보틱스', '에스피시스템스', 'TPC', '크라우드웍스', '바이브컴퍼니', '브레인즈컴퍼니', 'LG전자', '영우디에스피', '미래컴퍼니', '에브리봇', '큐렉소', '데이타솔루션', '퍼스텍', '셀바스AI', '유진로봇', '뷰노', '알체라', '레인보우로보틱스', '비플라이소프트', '링크제니시스', '한국전자인증', '오픈베이스', '가온그룹', '네패스', '한화에어로스페이스', '고영', '노블엠앤비', '인포마크', '삼성에스디에스', '네오펙트', '라온피플', '싸이맥스', '위세아이텍', '에이디칩스', '줌인터넷', '신테카바이오', '에스티큐브', '모비스', '우리기술', '오브젠', '와이더플래닛', '핀텔', '엑셈', '딥노이드', '제이엘케이', '마음AI', '알에프세미']"
29,K-뉴딜지수(2차전지),"['SK아이이테크놀로지', 'LG화학', '후성', '포스코퓨처엠', '천보', '삼성SDI', 'SK이노베이션', 'SKC', '엘앤에프', 'LG에너지솔루션', '에코프로비엠', '솔루스첨단소재', '롯데에너지머티리얼즈', '솔브레인']"
30,공기청정기,"['에스피지', 'LG전자', '코웨이', '씨앤투스', '성호전자', '쿠쿠홈시스', '위닉스', '크린앤사이언스', '삼성전자', '신일전자', '위니아', '오텍', '카스']"
31,우크라이나 재건,"['에스와이', '삼부토건', 'TYM', '유신', 'HD현대건설기계', '다산네트웍스', '대모', '현대건설', 'HD현대인프라코어', '도화엔지니어링', '다스코', '현대에버다임', '퍼스텍', '이노인스트루먼트', '에쓰씨엔지니어링', '디와이디', '서암기계공업', '수산중공업', '프리엠스', '혜인', '한국테크놀로지', 'KH 건설', '현대코퍼레이션', '서연탑메탈', '대양전기공업', '스페코', '동일고무벨트', '코드네이처', '디와이파워', '휴림네트웍스', '웰바이오텍', '리노스', '국보']"
32,2차전지(LFP/리튬인산철),"['코윈테크', '자이글', 'LG화학', 'SK이노베이션', '팬스타엔터프라이즈', '씨아이에스', '엘앤에프', 'LG에너지솔루션', 'EG', '브이티', '파워넷', '아모그린텍']"
33,조선,"['한화오션', '삼성중공업', 'HD한국조선해양', '현대미포조선', 'HD현대중공업', 'HJ중공업']"
34,요소수,"['TKG휴켐스', '롯데정밀화학', '유니온', '유니온머티리얼', 'KG케미칼']"
35,2차전지(전고체),"['동화기업', 'SK아이이테크놀로지', 'LG화학', '티에스아이', '천보', '삼성SDI', '이수스페셜티케미컬', 'SK이노베이션', '미래컴퍼니', '씨아이에스', '테이팩스', 'LG에너지솔루션', '이수화학', '한농화성', '롯데에너지머티리얼즈', '한송네오텍', '미코', '아바코', '디에이테크놀로지', '대주전자재료', '덕산테코피아', '레몬']"
36,환율하락 수혜,"['S-Oil', 'POSCO홀딩스', '현대제철', '고려아연', '대한제당', '동국홀딩스', '풍산', '대한해운', '대한항공', 'CJ제일제당', '삼양홀딩스', '오뚜기', '한국가스공사', '한국전력', '혜인', '대상', '아시아나항공', '하나투어', '오리온', '하이트진로', '모두투어', '한탑', '농심', '동원F&B', '대한제분']"
37,플렉서블 디스플레이,"['파인텍', '디이엔티', 'LG디스플레이', '코오롱인더', 'SK이노베이션', 'SKC', '브이원텍', 'PI첨단소재', '루멘스', 'AP시스템', '에스에프에이', '아이컴포넌트', '삼성전자', 'HB솔루션', '비아트론', '유티아이', '신도기연', '필옵틱스', '경인양행', '인터플렉스', '주성엔지니어링', 'DMS', '코세스', '덕산네오룩스']"
38,증강현실(AR),"['이노시뮬레이션', '나노캠텍', '버넥트', '한빛소프트', '세코닉스', '커머스마이너', '덱스터', '위지윅스튜디오', '텔레칩스', '넷마블', '이랜텍', '라온텍', '젬백스링크', '가온그룹', '다날', '엔씨소프트', '아이엠', '에이트원', '아이오케이', '드래곤플라이', '신도기연', '엠게임', '디모아', '맥스트', '팅크웨어', '에스넷']"
39,보톡스(보툴리눔톡신),"['디에스케이', '한국비엔씨', '유바이오로직스', '대웅제약', '제테마', '알에프텍', '휴온스', '메디톡스', '휴젤', '휴온스글로벌', '청담글로벌', '파마리서치']"
40,피팅(관이음쇠)/밸브,"['성광벤드', '태광', '하이록코리아', '디케이락', '한국선재', '조광ILI', '비엠티', '화성밸브', '케이에스피']"
41,테마명,[]
42,공작기계,"['스맥', 'SIMPAC', '삼익THK', '넥스턴바이오', '서암기계공업', '한국정밀기계', '유니온머티리얼', '현대위아', '화천기계', 'SNT다이내믹스', '대성하이텍', '와이지-원', '화천기공', '이엠코리아', '에이비프로바이오', '한국주강']"
43,북한 광물자원개발,"['우림피티에스', '포스코엠텍', '피제이메탈', '상보', '포스코퓨처엠', '현대에버다임', '경동인베스트', '한국내화', '수산중공업', '아진산업', '대창솔루션', '삼영엠텍', '동국알앤에스', '현대코퍼레이션', '쎄노텍', '티플랙스', 'SH에너지화학', '영흥', '엘컴텍', '한국주강']"
44,게임,"['넵튠', '플레이위드', '한빛소프트', '모비릭스', '손오공', '스코넥', '티쓰리', '네오위즈', '이스트소프트', '바른손이앤에이', '베노티앤알', '케이바이오', '웹젠', '넷마블', '카카오게임즈', '크래프톤', '룽투코리아', '펄어비스', '다날', '위메이드플레이', '넥슨게임즈', '컴투스', '액토즈소프트', 'KH 전자', '대원미디어', '액션스퀘어', '위메이드맥스', '위메이드', '엔씨소프트', '조이시티', '밸로프', '네오리진', '아이톡시', '미투온', '컴투스홀딩스', '드래곤플라이', 'NHN', '엠게임', '더블유게임즈', 'NAVER', '네오위즈홀딩스']"
45,셰일가스(Shale Gas),"['우림피티에스', '포스코인터내셔널', 'E1', '한국카본', '동성화인텍', '한국가스공사', '한국전력', 'SK가스', 'GS글로벌', 'SH에너지화학', 'SNT에너지', '두산에너빌리티', '비에이치아이']"
46,LNG(액화천연가스),"['POSCO홀딩스', 'GS', '팬오션', 'HD현대인프라코어', '케일럼', '삼성중공업', '대한해운', 'HD한국조선해양', 'SK오션플랜트', '한국카본', '동성화인텍', 'SK', '현대미포조선', 'HSD엔진', '한국가스공사', '한국전력', '대창솔루션', 'HJ중공업', '엔케이', '삼천리', '지역난방공사', '비에이치아이']"
47,건설 중소형,"['동신건설', '삼부토건', '상지카일룸', '화성산업', '신세계건설', '아이에스동서', '코오롱글로벌', 'DL건설', '범양건영', '일성건설', '디와이디', '계룡건설', '우원개발', '까뮤이앤씨', '태영건설', '동부건설', '서희건설', '서한', '한신공영', '이화공영', '남광토건', '삼호개발', '대원', 'HL D&I', 'SGC이테크건설', '동원개발', 'KCC건설', '진흥기업', '금호건설', 'KD', '남화토건', '신원종합개발', '삼일기업공사']"
48,모바일솔루션(스마트폰),"['엠로', '이미지스', '다산네트웍스', '카페24', '브레인즈컴퍼니', 'MDS테크', '유엔젤', '셀바스AI', '인지소프트', '인포뱅크', '핑거', '키네마스터', '젬백스링크', '네이블', '다날', '텔코웨어', '투비소프트', '갤럭시아머니트리', '폴라리스오피스', '이루온', '위세아이텍', '지어소프트', '유비벨록스']"
49,온실가스(탄소배출권),"['켐트로스', '유니드', '에코바이오', '후성', 'TKG휴켐스', '그린케미칼', '글로벌에스엠', 'KC코트렐', '세종공업', '한솔홈데코', '에코프로에이치엔', '클라우드에어', 'SGC에너지', '이건산업', '에코프로']"
50,리튬,"['미래나노텍', 'POSCO홀딩스', '포스코엠텍', '이브이첨단소재', '유일에너테크', 'LG화학', '후성', '세방전지', '지오릿에너지', '포스코퓨처엠', '천보', '성일하이텍', '금양', '대보마그네틱', '새빗켐', '강원에너지', '셀피글로벌', '리튬포어스', '이엔플러스', '광무', '코스모화학', '하이드로리튬', '웰바이오텍', '에코프로', '미래산업']"
51,IT 대표주,"['LG디스플레이', 'LG전자', '삼성SDI', '삼성전자', '삼성에스디에스', 'SK하이닉스']"
52,건설기계,"['대동금속', 'HD현대건설기계', '진성티이씨', '대모', 'HD현대인프라코어', '흥국', '대창단조', '현대에버다임', '수산중공업', '두산밥캣', '프리엠스', '혜인', '서연탑메탈', '디와이파워', '동일금속', '테라사이언스']"
53,2023 하반기 신규상장,"['큐리옥스바이오시스템즈', '이노시뮬레이션', '파두', '필에너지', '버넥트', '에이엘티', '코츠테크놀로지', '크라우드웍스', '와이랩', '시지트로닉스', '교보14호스팩', '한국제12호스팩', '대신밸런스제16호스팩', '에스케이증권제10호스팩', '빅텐츠', '유안타제14호스팩', '하나28호스팩', '대신밸런스제15호스팩', 'KB제26호스팩', '유안타제11호스팩', '에스케이증권제9호스팩', 'DB금융스팩11호', '엠아이큐브솔루션', '뷰티스킨', '센서뷰', '넥스틸', '시큐레터', '파로스아이바이오', '스마트레이더시스템']"
54,2차전지(장비),"['디이엔티', '필에너지', '윈텍', '코윈테크', '에이프로', '피엔티', '유일에너테크', '윤성에프앤씨', '티에스아이', '엠플러스', '씨아이에스', '자비스', '원준', '지아이텍', '브이원텍', '대보마그네틱', '탑엔지니어링', '하나기술', '명성티엔에스', '이아이디', '대성하이텍', '넥스트아이', '디아이티', '엔시스', '아바코', '에이치와이티씨', '웰크론한텍', '필옵틱스', '디에이테크놀로지', '이노메트리', '원익피앤이', '오션브릿지', '톱텍', '펨트론', 'HB테크놀러지', '나인테크', '우신시스템']"
55,폴더블폰,"['파인텍', 'LG디스플레이', '상보', 'LG화학', '코오롱인더', 'SK이노베이션', 'SKC', '테이팩스', 'PI첨단소재', '삼성전기', '디케이티', '삼성전자', '에스코넥', '이녹스첨단소재', '유티아이', '원익큐브', '파인엠텍', '파인테크닉스', 'KH바텍', '켐트로닉스', '세경하이테크', '인터플렉스', '비에이치', '노바텍', '동운아나텍']"
56,가상현실(VR),"['에스피지', '이노시뮬레이션', '한빛소프트', '세코닉스', '시공테크', 'LG전자', '토탈소프트', '스코넥', '나무가', '덱스터', '바른손이앤에이', '위지윅스튜디오', '주연테크', '넷마블', '이랜텍', '아프리카TV', '라온텍', '다날', '지니뮤직', '와이제이엠게임즈', '삼성전자', '하이소닉', '에스코넥', '아이엠', '에이트원', '미투온', '드래곤플라이', '신도기연', '칩스앤미디어', '큐에스아이', '하이비젼시스템', '바른손', '제이씨현시스템', '에스넷', '동운아나텍']"
57,코로나19(음압병실/음압구급차),"['에스와이', '코오롱글로벌', 'GH신소재', '엔브이에이치코리아', '오텍', '신성이엔지', '케이엔솔', '우정바이오']"
58,2021 상반기 신규상장,"['이삭엔지니어링', '씨이랩', '해성티피씨', '유일에너테크', '아이퀘스트', '모비릭스', 'SK아이이테크놀로지', '에이치피오', '라이프시맨틱스', '진시스템', '피엔에이치테크', 'DB금융스팩9호', '파이버프로', '씨앤투스', '싸이버원', '하인크코리아', '레인보우로보틱스', '핑거', '뷰노', '나노씨엠에스', 'SK바이오사이언스', '신한제7호스팩', '이노뎁', '유안타제8호스팩', '하이제6호스팩', '에이디엠코리아', '유진스팩6호', '하나머스트7호스팩', '엔에이치스팩19호', '쿠콘', '모비데이즈', '샘씨엔에스', '엔시스', '프레스티지바이오파마', '삼영에스앤씨', '네오이뮨텍', 'LB루셈', '씨앤씨인터내셔널', '바이오다인', '제주맥주', '아모센스', '삼성스팩4호', '삼성머스트스팩5호', '프레스티지바이오로직스', '선진뷰티사이언스', '엔비티', '제노코', '와이더플래닛', '오로스테크놀로지', '자이언트스텝', '솔루엠']"
59,일자리(취업),"['오픈놀', '원티드랩', 'TS인베스트먼트', '사람인', '대성창투', 'DSC인베스트먼트', '에스코넥', '메가엠디', '윌비스', '아이비김영']"
60,리모델링/인테리어,"['동화기업', '벽산', 'KCC', '시공테크', '아이에스동서', '오하임아이엔티', '국보디자인', '하츠', '에넥스', 'KCC글라스', '한샘', '삼목에스폼', '진양화학', '한솔홈데코', '대림B&Co', '라이온켐텍', '희림', '파세코', '이건홀딩스', '진영', '이건산업', 'LX하우시스', 'SUN&L', '현대리바트', '유니드비티플러스', '플래스크']"
61,증권,"['다올투자증권', '키움증권', '한국금융지주', '유진투자증권', '부국증권', '삼성증권', '한양증권', '한화투자증권', '신영증권', 'DB금융투자', '현대차증권', '코리아에셋투자증권', '미래에셋증권', 'NH투자증권', '대신증권', '상상인증권', 'SK증권', '이베스트투자증권', '유안타증권', '교보증권', '유화증권']"
62,조림사업,"['동신건설', '성창기업지주', 'SK', '효성오앤비', '대유에이텍', '무림P&P', '한솔홈데코', '자연과환경', '제이씨케미칼', '이건홀딩스', '이건산업', 'SUN&L', '한익스프레스']"
63,마리화나(대마),"['오성첨단소재', '한국비엔씨', '화일약품', '애머릿지', '엔에프씨', '에스엘에너지', 'HLB바이오스텝', '비엘팜텍', '세토피아', '메디콕스', '우리바이오', '아이큐어', 'EDGC']"
64,은행,"['JB금융지주', 'BNK금융지주', 'DGB금융지주', '하나금융지주', 'KB금융', '기업은행', '신한지주', '우리금융지주', '카카오뱅크', '제주은행']"
65,GTX(수도권 광역급행철도),"['РЏНХ', 'DL', 'ЧіДыАЧМГ', 'GSАЧМГ', 'ЕЕШ\xadПЃСіДЯОюИЕ', 'DLРЬОиОО', 'ЛяМКСпАјОї', 'РЏСјБтОї', 'ЧіДыЗЮХл', 'ДыОЦЦМОЦРЬ', 'HDCЧіДыЛъОїАГЙп', 'ЕПОЦСіСњ', 'ПьПјАГЙп', 'ХТПЕАЧМГ', 'М\xadЧб', 'HJСпАјОї', 'ГВБЄХфАЧ', 'ДйПјНУНК', 'ДыПьАЧМГ', 'HL D&I', 'ЦЏМіАЧМГ', 'ЛяЧіУЖА\xad', 'БнШЃАЧМГ', 'ММИэРќБт', 'КёУїЗЮНУНК', 'ИЎГыНК']"
66,LCD 부품/소재,"['코디', '오성첨단소재', '미래나노텍', '우주일렉트로', '상보', 'LG화학', '코오롱인더', '천보', '삼성SDI', '에스에이엠티', 'SKC', '한솔아이원스', '아바텍', '이엔에프테크놀로지', '아나패스', '예선테크', '유아이디', '네패스', '일월지엠엘', '티엘아이', '한솔테크닉스', '엘티씨', '제이엠티', '케이엔더블유', '코이즈', '와이엠씨', '동진쎄미켐', '인지디스플레', '한국컴퓨터', '신화인터텍', 'LX세미콘', '세진티에스', '이라이콤', '에스앤에스텍', '파인디앤씨', '켐트로닉스', '솔브레인', '에스폴리텍', '디스플레이텍', '원익머트리얼즈', '솔브레인홀딩스', '삼진엘앤디', '뉴파워프라즈마', '엘엠에스', '토비스', '에프에스티']"
67,LED장비,"['코디', '미래컴퍼니', '프로텍', '티씨케이', '탑엔지니어링', '엘아이에스', '한미반도체', '레이저쎌', '네온테크', '기가레인', '티에스이', '주성엔지니어링', '이오테크닉스', '예스티']"
68,해운,"['팬오션', '대한해운', 'HMM', '흥아해운', 'KSS해운']"
69,아이폰,"['앤디포스', 'LG디스플레이', 'LG화학', '넥스턴바이오', '영풍', '삼성SDI', '덕우전자', '프로텍', '삼성전기', '에코볼트', '위니아에이드', '한솔테크닉스', '삼성전자', 'LG이노텍', '와이엠티', '이녹스첨단소재', '아이티엠반도체', 'LX세미콘', '슈피겐코리아', '하이비젼시스템', 'SK하이닉스', '인터플렉스', '비에이치', '덕산네오룩스']"
70,日 수출 규제(국산화 등),"['디이엔티', '켐트로스', '일지테크', '한화솔루션', '후성', 'PI첨단소재', '율촌화학', '스마트솔루션즈', '삼륭물산', '이녹스첨단소재', '동진쎄미켐', '송원산업', '케이피엠테크', '에스앤에스텍', '램테크놀러지', '풍원정밀', '솔브레인', '경인양행', '솔브레인홀딩스', '우리로']"
71,편의점,"['GS리테일', '롯데지주', '이마트', '유성티엔에스', 'BGF리테일']"
72,건강기능식품,"['시너지이노베이션', '스피어파워', '엔케이맥스', '서흥', '에이치피오', '비엘', '에이치엘사이언스', '네오팜', '종근당홀딩스', '에스디생명공학', '헬릭스미스', '비엘팜텍', 'KT&G', '프롬바이오', '쎌바이오텍', 'HK이노엔', '아이진', '휴럼', '뉴트리', '팜스빌', 'LG생활건강', '아미코젠', '대상홀딩스', '휴온스', '에스앤디', '경남제약', '콜마비앤에이치', '메디포스트', '종근당바이오', '비피도', '청담글로벌', '내츄럴엔도텍', '코스맥스엔비티', '알피바이오', '노바렉스', '대원제약']"
73,풍력에너지,"['우림피티에스', 'POSCO홀딩스', '케이피에프', '씨엔플러스', '현대건설', '세아제강', '동국산업', 'STX중공업', '효성', '코오롱글로벌', '포메탈', 'HD한국조선해양', 'SK오션플랜트', '서암기계공업', '세진중공업', '동국S&C', '한국전력', '씨에스윈드', 'SK디앤디', '대창솔루션', '삼영엠텍', '광림', '비디아이', '효성중공업', 'LS', '대명에너지', '한전기술', '유니슨', 'DGP', '스페코', '세아제강지주', '두산에너빌리티', '우리기술', '삼일씨엔에스', '씨에스베어링', 'DMS', '태웅', '금양그린파워']"
74,4차산업 수혜주,"['로보스타', '포스코DX', '알에스오토메이션', '아진엑스텍', '푸른기술', '로보로보', '커머스마이너', '휴림로봇', 'TPC', 'LG전자', '삼익THK', 'MDS테크', '큐렉소', '셀바스AI', '이스트소프트', '알서포트', 'TS인베스트먼트', 'SK', 'LG유플러스', 'SBI인베스트먼트', 'DH오토웨어', '오픈베이스', '어보브반도체', '엔지스테크널러지', '노블엠앤비', '대성창투', '삼성전자', 'DSC인베스트먼트', '삼성에스디에스', 'SK텔레콤', '롯데정보통신', 'KT', '아이엠', '지엔씨에너지', '에이디칩스', '비트컴퓨터', '휴림네트웍스', '인피니트헬스케어', '우리기술투자', 'NAVER', '모비스', '드림어스컴퍼니', '유니퀘스트', '드림시큐리티', 'SGA솔루션즈', '모바일어플라이언스', '에스넷', '에이스테크']"
75,OLED(유기 발광 다이오드),"['코디', '파인텍', '로보스타', '윈텍', '선익시스템', '핌스', '티로보틱스', 'LG디스플레이', 'LG화학', '한솔케미칼', '참엔지니어링', 'LG전자', '동아엘텍', '나노신소재', '천보', '피엔에이치테크', '영우디에스피', '미래컴퍼니', '한솔아이원스', '제이스텍', '에스에이티이엔지', '에스엔유', '이엘피', 'PI첨단소재', '브이원텍', '디바이스이엔지', '예선테크', '솔루스첨단소재', '탑엔지니어링', '상아프론테크', '원익IPS', 'AP시스템', '한송네오텍', '명성티엔에스', '이큐셀', '아이컴포넌트', '엘아이에스', '에스에프에이', '나래나노텍', '스마트솔루션즈', '와이투솔루션', '삼성전자', '제이엠티', 'HB솔루션', '비아트론', '웰킵스하이텍', '에프엔에스테크', '와이엠씨', '이녹스첨단소재', '디아이티', '포인트엔지니어링', '아바코', 'LX세미콘', '신도기연', 'APS', '필옵틱스', '엘오티베큠', '프로이천', '톱텍', '램테크놀러지', '풍원정밀', '엘디티', '원익머트리얼즈', '덕산테코피아', '케이피에스', '뉴파워프라즈마', '인베니아', '티에스이', '베셀', '야스', '우리넷', 'HB테크놀러지', '주성엔지니어링', '아이씨디', 'DMS', '힘스', '나인테크', '덕산네오룩스', '케이엔제이', '예스티']"
76,자원개발,"['GS', '포스코인터내셔널', 'LX인터내셔널', 'SK이노베이션', 'SK네트웍스', '삼성물산', '한국가스공사', '서울가스', '현대코퍼레이션', '비엘팜텍', 'GS글로벌', '큐로홀딩스', '플레이그램', '대성산업', '엘컴텍', '에스아이리소스']"
77,전력저장장치(ESS),"['포스코DX', '알에스오토메이션', '피엔티', '유일에너테크', 'LG화학', 'LG전자', '세방전지', '삼성SDI', 'SK이노베이션', '엠플러스', '씨아이에스', 'HD현대에너지솔루션', 'LG에너지솔루션', '비나텍', '와이엠텍', 'SK디앤디', '상아프론테크', '효성중공업', '삼화콘덴서', '서진시스템', '비츠로셀', '티에스넥스젠', 'LS ELECTRIC', '삼화전기', '한전산업', '신성이엔지', '파워로직스', '지투파워', '원익피앤이', '삼진엘앤디', '플래스크', '윌링스']"
78,2차전지,"['디이엔티', '동화기업', '대한유화', '필에너지', '윈텍', '켐트로스', '상신이디피', 'POSCO홀딩스', '코윈테크', '에이프로', '피엔티', '동원시스템즈', '유일에너테크', '윤성에프앤씨', '신성델타테크', '고려아연', '자이글', 'SK아이이테크놀로지', '신흥에스이씨', 'LG화학', '한솔케미칼', '후성', '세방전지', '포스코퓨처엠', '티에스아이', 'TCC스틸', '나노신소재', '천보', '코스모신소재', '더블유씨피', '삼성SDI', 'SK이노베이션', '엠플러스', '이수스페셜티케미컬', 'DI동일', '미래컴퍼니', '씨아이에스', '자비스', '원준', 'SKC', '조일알미늄', '테이팩스', '엘앤에프', 'LG에너지솔루션', '성일하이텍', '금양', '탑머티리얼', '지아이텍', '세아메카닉스', 'PI첨단소재', '브이원텍', '이랜텍', '이수화학', '제이오', '초록뱀이앤엠', '대보마그네틱', '에코프로비엠', '솔루스첨단소재', '탑엔지니어링', '글로벌에스엠', '새빗켐', '상아프론테크', '한농화성', '율촌화학', '동국알앤에스', '롯데에너지머티리얼즈', '하나기술', 'KG케미칼', '성우하이텍', '황금에스티', '이아이디', '엘아이에스', '한송네오텍', '명성티엔에스', '엔켐', '대성하이텍', '나라엠앤디', '이녹스', '코이즈', '넥스트아이', '삼아알미늄', '에스코넥', '유에스티', '케스피온', '쎄노텍', '아이티엠반도체', '디아이티', '엔시스', '알멕', '이엔플러스', '서원인텍', '코스모화학', '광무', '미코', '아바코', '알루코', '에이치와이티씨', '웰크론한텍', '파워로직스', '필옵틱스', '디에이테크놀로지', '대주전자재료', '이노메트리', '에이에프더블류', '원익피앤이', '오션브릿지', '톱텍', '파워넷', '애경케미칼', '케이엔솔', '솔브레인', '영화테크', '덕산테코피아', '삼진엘앤디', '솔브레인홀딩스', '펨트론', '조광페인트', 'HB테크놀러지', '알엔투테크놀로지', '레몬', '나인테크', '엠케이전자', '에코프로', '우신시스템', '에코앤드림', '나노팀', '삼기이브이']"
79,토스(toss),"['다올투자증권', '하나금융지주', '한화투자증권', '한국전자인증', '대신정보통신', '이월드', '엔비티']"
80,모바일게임(스마트폰),"['넵튠', '플레이위드', '한빛소프트', '모비릭스', '티쓰리', '네오위즈', '이스트소프트', '바른손이앤에이', '베노티앤알', '케이바이오', '웹젠', '넷마블', '카카오게임즈', '크래프톤', '룽투코리아', '미투젠', '펄어비스', '위메이드플레이', '넥슨게임즈', '컴투스', '세원이앤씨', '베스파', '액토즈소프트', '와이제이엠게임즈', 'KH 전자', '액션스퀘어', '스카이문스테크놀로지', '위메이드맥스', '위메이드', '엔씨소프트', '조이시티', '밸로프', '네오리진', '아이톡시', '미투온', '미스터블루', '컴투스홀딩스', 'NHN', '엠게임', '드래곤플라이', '더블유게임즈', 'NAVER', '바른손', '썸에이지', '에이프로젠 H&G', '네오위즈홀딩스', '데브시스터즈']"
81,K-뉴딜지수(바이오),"['에스디바이오센서', '씨젠', '셀트리온', '셀트리온제약', '셀트리온헬스케어', 'SK바이오사이언스', '한미약품', '삼성바이오로직스', '유한양행', '녹십자', 'SK바이오팜', '한미사이언스', '알테오젠']"
82,테마명,[]
83,토스(toss),"['다올투자증권', '하나금융지주', '한화투자증권', '한국전자인증', '대신정보통신', '이월드', '엔비티']"
84,남-북-러 가스관사업,"['세아제강', '휴스틸', '대동스틸', '하이스틸', 'SK오션플랜트', '디케이락', '문배철강', '동양에스텍', '부국철강', '조광ILI', '화성밸브', '삼현철강', '엔케이', '동양철관', '이엠코리아']"
85,보안주(물리),"['이랜시스', '씨유박스', '시티랩스', '피제이전자', '에스원', '싸이버원', '앤씨앤', '한화에어로스페이스', '이노뎁', '뉴지랩파마', 'ITX-AI', '하이트론', '인콘', '아이디스', '슈프리마', '슈프리마에이치큐', '벨로크', '현대에이치티', '포커스에이치엔에스', '트루엔', '픽셀플러스']"
86,K-뉴딜지수(바이오),"['에스디바이오센서', '씨젠', '셀트리온', '셀트리온제약', '셀트리온헬스케어', 'SK바이오사이언스', '한미약품', '삼성바이오로직스', '녹십자', '유한양행', 'SK바이오팜', '한미사이언스', '알테오젠']"
87,2차전지(소재/부품),"['동화기업', '대한유화', '켐트로스', '상신이디피', 'POSCO홀딩스', '동원시스템즈', '신성델타테크', '고려아연', 'SK아이이테크놀로지', '신흥에스이씨', 'LG화학', '한솔케미칼', '후성', '포스코퓨처엠', 'TCC스틸', '나노신소재', '천보', '코스모신소재', '더블유씨피', 'DI동일', 'SKC', '조일알미늄', '테이팩스', '엘앤에프', '금양', '이랜텍', 'PI첨단소재', '초록뱀이앤엠', '에코프로비엠', '솔루스첨단소재', '글로벌에스엠', '상아프론테크', '한농화성', '율촌화학', '동국알앤에스', '롯데에너지머티리얼즈', '엘아이에스', '한송네오텍', '이아이디', '엔켐', 'KG케미칼', '성우하이텍', '황금에스티', '나라엠앤디', '삼아알미늄', '이녹스', '에스코넥', '유에스티', '쎄노텍', '아이티엠반도체', '알멕', '이엔플러스', '서원인텍', '코스모화학', '광무', '알루코', '파워로직스', '대주전자재료', '에이에프더블류', '애경케미칼', '솔브레인', '영화테크', '조광페인트', '알엔투테크놀로지', '삼진엘앤디', '엠케이전자', '에코프로', '에코앤드림', '나노팀', '삼기이브이']"
88,네옴시티,"['유신', '세아베스틸지주', '현대건설', '도화엔지니어링', '코오롱글로벌', '다스코', '세아홀딩스', '제이엔케이히터', 'SM Life Design', '에스엠', '대한전선', '삼성물산', '세아특수강', '수성샐바시온', '비엠티', '희림', '성신양회', 'SNT에너지', 'SM C&C', '슈프리마', '인디에프', 'LS전선아시아', '한미글로벌', '비츠로시스']"
89,메타버스(Metaverse),"['넵튠', '씨이랩', '버넥트', '선익시스템', '한빛소프트', '아진엑스텍', '바이브컴퍼니', 'CJ ENM', '스코넥', '셀바스AI', '덱스터', '위지윅스튜디오', '주연테크', '이랜텍', '알체라', '엔피', '핑거', 'LG유플러스', '디어유', '카카오', '펄어비스', '지니뮤직', '이노뎁', '컴투스', '와이제이엠게임즈', '대성창투', 'NPC', 'LG이노텍', 'SK텔레콤', '에스코넥', '현대차', 'KT', '다보링크', 'iMBC', '웨이버스', '위세아이텍', '에이트원', '비트나인', '한글과컴퓨터', 'SBS', '미투온', '비비안', '신도기연', '칩스앤미디어', '뉴프렉스', '엠게임', '드래곤플라이', '큐에스아이', 'NAVER', '맥스트', '엔비티', '옵티시스', '엘엠에스', '자이언트스텝', 'EDGC', '크레버스', '코세스', '에스넷']"
90,LCD장비,"['디에스케이', '디이엔티', '로보스타', '윈텍', '피엔티', '티로보틱스', '참엔지니어링', '동아엘텍', '미래컴퍼니', '제이스텍', '에스엔유', '이엘피', '브이원텍', '탑엔지니어링', '상아프론테크', '원익IPS', 'AP시스템', '한양이엔지', '에스에프에이', '명성티엔에스', '스마트솔루션즈', '로체시스템즈', 'HB솔루션', '넥스트아이', '비아트론', '씨앤지하이테크', '디아이티', '포인트엔지니어링', '아바코', '신성이엔지', '엘오티베큠', '톱텍', '테크윙', '케이씨텍', '인베니아', '베셀', 'HB테크놀러지', '제우스', '주성엔지니어링', '아이씨디', 'DMS', '케이엔제이', '예스티', '에스티아이']"
91,소매유통,"['롯데쇼핑', '대구백화점', 'CJ ENM', '신세계', 'GS리테일', '현대백화점', '이마트', '한화갤러리아', '위니아에이드', '현대홈쇼핑', '호텔신라', '광주신세계', '그래디언트', '베뉴지', '아이에스이커머스', '지어소프트', 'BGF리테일', '커넥트웨이브', '세이브존I&C', '롯데하이마트', '청담글로벌']"
92,희귀금속(희토류 등),"['POSCO홀딩스', 'LX인터내셔널', '유니온', 'EG', '에코볼트', '유니온머티리얼', '동국알앤에스', '세토피아', '쎄노텍', '대원화성', '티플랙스', '노바텍', '삼화전자']"
93,항공/저가 항공사(LCC),"['티웨이홀딩스', '한진칼', '대한항공', '티웨이항공', '아시아나항공', 'AK홀딩스', '진에어', '제주항공', '에어부산']"
94,철도,"['에스피지', '우림피티에스', '유신', '현대제철', '푸른기술', '도화엔지니어링', '하이록코리아', '제룡전기', '한국종합기술', '현대로템', '대아티아이', '동아지질', '서암기계공업', '우원개발', '피앤씨테크', '황금에스티', '서한', '선도전기', '남광토건', '다원시스', '동일제강', '대원전선', '에스트래픽', '특수건설', '대양전기공업', '삼현철강', '비츠로테크', '알루코', '메디콕스', '부산산업', '이엠코리아', '국영지앤엠', '세명전기', '빛샘전자', '비츠로시스', '우리기술', '대호에이엘', '리노스', '옵티시스', '케이씨에스', '우리넷', '삼일씨엔에스', 'HDC랩스', '와이어블']"
95,철강 중소형,"['만호제강', 'NI스틸', '휴스틸', '동국산업', 'TCC스틸', '대동스틸', '하이스틸', 'SK오션플랜트', '현대비앤지스틸', '한국특강', '문배철강', '경남스틸', '동양에스텍', '아주스틸', '코메론', 'DSR제강', '부국철강', '금강공업', '원일특강', '한국주철관', '동일제강', '유에스티', '금강철강', '삼현철강', '동양철관', '동일산업', '신스틸', '대호특수강', '영흥', '제이스코홀딩스', '한일철강', 'SHD', '화인베스틸', '동일철강']"
96,인터넷은행,"['포스코DX', '라온시큐어', '한국금융지주', 'GS리테일', 'NICE평가정보', '알서포트', '넷마블', '인지소프트', '한국정보인증', 'KB금융', '헥토이노베이션', '인포뱅크', '한국전자인증', '카카오뱅크', '카카오', '다날', '한컴위드', 'NH투자증권', '한세예스24홀딩스', '비케이탑스', '이니텍', '인포바인', '시큐브', '코나아이', '한화생명', 'KG이니시스', 'KT', '현대이지웰', 'KG모빌리언스', '이글루', '브리지텍', '예스24', '드림시큐리티', '엑셈']"
97,무선충전기술,"['포스코DX', 'LG전자', '이랜텍', '삼성전기', '한솔테크닉스', 'LS', 'LG이노텍', '삼성전자', '웰킵스하이텍', '알에프텍', '아모센스', '켐트로닉스', '비에이치']"
98,제지,"['페이퍼코리아', '한국수출포장', '신풍', '무림SP', '깨끗한나라', '한국제지', '한창제지', '국일제지', '무림P&P', '삼정펄프', '무림페이퍼', '아세아제지', '한솔제지', '해성산업']"
99,STO(증권형 토큰 발행),"['키움증권', '한국금융지주', '갤럭시아에스엠', '한국정보인증', '하나금융지주', 'KB금융', '핑거', '신한지주', '케이옥션', '코리아에셋투자증권', 'NH투자증권', '아톤', '갤럭시아머니트리', 'SK증권', 'FSN', '교보증권', '에이트원', '서울옥션', '우리기술투자']"
100,태양광에너지,"['대성파인텍', '에스와이', 'KCC', '지앤비에스 에코', '알에스오토메이션', '한화', '한화솔루션', 'LG전자', '나노신소재', '도화엔지니어링', '코오롱글로벌', '다스코', 'SKC', 'HD현대에너지솔루션', 'HD한국조선해양', '에스엔유', 'OCI', 'OCI홀딩스', '삼성물산', '레이크머티리얼즈', '한국전력', '티씨케이', '수산인더스트리', 'SK디앤디', '혜인', '원익IPS', 'KC코트렐', '에스에프에이', '한솔테크닉스', '다원시스', '대명에너지', '파루', 'LS ELECTRIC', 'DGP', '유니테스트', '매커스', '테스', '아바코', '코드네이처', 'SDN', '신성이엔지', '이건홀딩스', 'KC그린홀딩스', '지투파워', '엘오티베큠', '한미반도체', '대주전자재료', '톱텍', '에스에너지', '광명전기', '에스폴리텍', '제우스', '코미코', '주성엔지니어링', '뉴인텍', '금양그린파워', '윌링스']"
101,AI 챗봇(챗GPT 등),"['코난테크놀로지', '솔트룩스', '플리토', '바이브컴퍼니', '브레인즈컴퍼니', '유엔젤', '데이타솔루션', '셀바스AI', '이스트소프트', '인포뱅크', '카카오', '폴라리스오피스', '영림원소프트랩', '삼성에스디에스', '글로벌텍스프리', '비트나인', '한글과컴퓨터', '브리지텍', 'NAVER', '리노스', '엑셈', '이수페타시스', '마음AI']"
102,K-뉴딜지수,"['LG화학', '후성', '포스코퓨처엠', '천보', '삼성SDI', 'SK이노베이션', '씨젠', '네오위즈', 'SKC', '웹젠', '넷마블', '셀트리온', '셀트리온제약', '아프리카TV', '에코프로비엠', '셀트리온헬스케어', '솔루스첨단소재', '카카오', '펄어비스', '안랩', '롯데에너지머티리얼즈', '한미약품', '삼성바이오로직스', '컴투스', '유비쿼스홀딩스', '유한양행', '위메이드', '엔씨소프트', '서진시스템', 'KG이니시스', 'NHN KCP', 'SK바이오팜', '케이엠더블유', 'NHN', '골프존', '한미사이언스', 'NAVER', '더블유게임즈', '더존비즈온', '알테오젠']"
103,시스템반도체,"['파두', '하나마이크론', 'SFA반도체', '케이알엠', '이미지스', '에이엘티', '아진엑스텍', '큐알티', '에이디테크놀로지', '오픈엣지테크놀로지', '텔레칩스', '시지트로닉스', '오디텍', '피에스케이', '자람테크놀로지', '아나패스', '앤씨앤', '어보브반도체', '네패스', '고영', '리노공업', '알파홀딩스', '티엘아이', '에이티세미콘', '삼성전자', '윈팩', '매커스', '디아이', 'LB세미콘', '에이디칩스', '아이앤씨', 'LX세미콘', 'LB루셈', '아이텍', '칩스앤미디어', '아이에이', '가온칩스', '지니틱스', '한미반도체', '에스앤에스텍', 'DB하이텍', '테크윙', '시그네틱스', 'SK하이닉스', '코아시아', '미래반도체', '네패스아크', '두산테스나', '넥스트칩', '라닉스']"
104,UAM(도심항공모빌리티),"['GS', '서연이화', '현대건설', '넥센타이어', '퍼스텍', '대한항공', '한화시스템', '파이버프로', '한국카본', 'LG유플러스', '카카오', '한화에어로스페이스', '남성', 'SK텔레콤', '현대차', 'KT', 'LIG넥스원', '제주항공', '하이즈항공', '한국항공우주', '네온테크', '켄코아에어로스페이스', '베셀', '기산텔레콤']"
105,아스콘(아스팔트 콘크리트),"['한국석유', '극동유화', '유진기업', '콤텍시스템', '보광산업', '스페코', '엔피케이', '홈센타홀딩스', 'SG']"
106,탈모 치료,"['스피어파워', '올릭스', '아이엘사이언스', '강스템바이오텍', '대웅제약', 'TS트릴리온', '인벤티지랩', '에스디생명공학', '이노진', '현대약품', '프롬바이오', '바이오니아', '인스코비', '보령', '안트로젠', '동성제약', '피플바이오', '현대바이오랜드', '위더스제약', '메타랩스', 'JW신약', '인산가']"
107,코로나19(렘데시비르),"['에스티팜', '비씨월드제약', '파미셀']"
108,폐기물처리,"['제넨바이오', '와이엔텍', '태영건설', '서한', '코엔텍', '한솔홀딩스', '인선이엔티', 'KC그린홀딩스', 'KG ETS']"
109,두나무(Dunamu),"['코오롱인더', '스톤브릿지벤처스', 'TS인베스트먼트', '에이티넘인베스트', '한화투자증권', '카카오', '코오롱', '대성창투', 'DSC인베스트먼트', '신성이엔지', '우리기술투자', '바른손']"
110,모더나(MODERNA),"['에스티팜', '바른손이앤에이', '엔투텍', '대한뉴팜', '소마젠', '삼성바이오로직스', '녹십자', '에이비프로바이오', '파미셀', '바른손']"
111,2022 하반기 신규상장,"['Ņ°ĹļļŮļŮŇ◊Ň©', 'ńŕ≥≠Ň◊Ň©≥Ó∑őŃŲ', 'ĺ∆ņŐĺĺŅ°ņŐń°', 'HPSP', '∑Áī÷', 'ĻŔņŐŅņ≥Ž∆ģ', 'ņĪľļŅ°«Ńĺōĺĺ', 'Ň•ĺň∆ľ', 'īļ∑őłřńę', 'ļŮĹļŇšĹļ', 'īűļŪņĮĺĺ««', 'SAMGŅ£ŇÕ', '∆ľĺ≤łģ', 'Ņņ«¬ŅßŃŲŇ◊Ň©≥Ó∑őŃŲ', 'ń…ņŐļŮŃ¶23»£Ĺļ∆—', 'ľļņŌ«ŌņŐŇō', 'Ňĺł”∆ľłģĺů', 'ĹŇŅĶĹļ∆—8»£', '«Ō≥™Ī›ņ∂24»£Ĺļ∆—', 'Ņ£Ņ°ņŐń°Ĺļ∆—26»£', 'ĽűļÝńÕ', 'ľŲĽÍņőīűĹļ∆ģłģ', 'ņőļ•∆ľŃŲ∑¶', 'ĽÔľļĹļ∆—7»£', 'Ņ£Ņ°ņŐń°Ĺļ∆—24»£', '«Ō≥™Ī›ņ∂23»£Ĺļ∆—', 'IBKSŃ¶19»£Ĺļ∆—', 'Ņ°Ĺļń…ņŐŃűĪ«Ń¶8»£Ĺļ∆—', 'ń…ņŐļŮŃ¶22»£Ĺļ∆—', 'Ņ£Ņ°ņŐń°Ĺļ∆—25»£', '«—ĪĻŃ¶11»£Ĺļ∆—', 'ŇįŅÚŃ¶7»£Ĺļ∆—', '«Ō≥™Ī›ņ∂25»£Ĺļ∆—', 'IBKSŃ¶21»£Ĺļ∆—', 'ņĮŃÝĹļ∆—9»£', 'ĽÍĶĻ', 'īŽľļ«ŌņŐŇō', 'Ķū∆ľĺōĺĺĺňŅņ', 'ņķĹļŇŘ', 'ņĮĺ»ŇłŃ¶10»£Ĺļ∆—', 'ņŐ≥Ž∑ÍĹļ', 'ĹŇŅĶĹļ∆—9»£', '«—»≠«√∑ĮĹļŃ¶3»£Ĺļ∆—', 'Ņ£Ņ°ņŐń°Ĺļ∆—27»£', 'īŽĹŇĻŽ∑ĪĹļŃ¶14»£Ĺļ∆—', 'Ņ°ņŐń°ŅÕņŐ∆ľĺĺ', 'ļŮŅ£ń…ņŐŃ¶1»£Ĺļ∆—', 'Ņ£Ń¨', 'Ņ…∆ľńŕĺÓ', 'ņĮĺ»ŇłŃ¶9»£Ĺļ∆—', 'IBKSŃ¶20»£Ĺļ∆—', 'łūĶ®ľ÷∑Áľ«', 'īŽĹŇĻŽ∑ĪĹļŃ¶13»£Ĺļ∆—', 'ĹŇĹļ∆Ņ', 'ĽĢ∆š∑–', 'ľĪĻŔņŐŅņ', 'ņĮļŮŅ¬', 'ļß∑őŇ©', 'Ī≥ļł13»£Ĺļ∆—', '∆Ť∆ģ∑–', '«…Ňŕ', 'ŅÕņŐĺĺńÕ', 'ŅņŅ°Ĺļ««', 'KBĹļŇłłģ√ų', '∆ľŅ°«ŃņŐ', 'ĺň««ĻŔņŐŅņ', '«őįŇĹļŇšłģ', 'Ń¶ņŐĺ∆ņŐŇ◊Ň©', '«√∂ůŃÓł', '≥ōĹļ∆ģń®', 'Ņ°ņŐ«ŃłĪĻŔņŐŅņ', 'ĹÓńę']"
112,비철금속,"['포스코엠텍', '피제이메탈', '고려아연', '풍산', '영풍', 'DI동일', '조일알미늄', '현대비앤지스틸', '풍산홀딩스', '쎄니트', '그린플러스', '이구산업', '황금에스티', '남선알미늄', '삼아알미늄', '알멕', '티플랙스', '대창', '서원', '알루코', '대유플러스', '태경산업', '대양금속', '코센', '대호에이엘', '한주라이트메탈', '국일신동']"
113,남북경협,"['삼부토건', '한국석유', '현대건설', '도화엔지니어링', '다스코', '롯데정밀화학', '재영솔루텍', '한국전력', '세운메디칼', 'KH 건설', '좋은사람들', '남해화학', '조비', '경농', '남광토건', '녹십자', '제이에스티나', '양지사', '일신석재', '현대엘리베이', '희림', '스페코', '신원', '지엔씨에너지', '인지컨트롤스', '인디에프', '남화토건', '코데즈컴바인', '자화전자', '아난티', '한창']"
114,수자원(양적/질적 개선),"['유신', '엔바이오니아', 'LG전자', 'GS건설', 'CSA 코스믹', '도화엔지니어링', '코오롱글로벌', '코웨이', '하이스틸', '한국종합기술', '태영건설', '와토스코리아', 'KG케미칼', '삼성엔지니어링', '한국주철관', '코오롱생명과학', '대우건설', '에너토크', '자연과환경', '동양철관', '금호건설', '웰크론한텍', '티와이홀딩스', '뉴보텍', 'TKG애강', '두산에너빌리티', '비츠로시스', '우리기술', '시노펙스']"
115,화폐/금융자동화기기(디지털화폐 등),"['푸른기술', '풍산', '프리엠스', '카카오페이', '청호ICT', '한네트', '로지시스', '케이씨티', '누리플렉스', '한국전자금융', '케이씨에스']"
116,조선기자재,"['성광벤드', '태광', 'STX중공업', '하이록코리아', 'SK오션플랜트', '한국카본', '동성화인텍', '세진중공업', 'HSD엔진', 'STX엔진', '에스앤더블류', '일승', '대창솔루션', '한라IMS', '삼영엠텍', '조광ILI', '삼영이엔씨', '비엠티', '대양전기공업', '케이프', '케이에스피', '인화정공', '메디콕스', '상상인인더스트리', '동방선기', '오리엔탈정공', '화인베스틸', '태웅']"
117,자동차 대표주,"['현대모비스', '현대위아', '기아', 'HL만도', 'KG모빌리티', '현대차', '한온시스템']"
118,블록체인,"['한빛소프트', '라온시큐어', '시티랩스', 'LG', '케이엘넷', '주연테크', 'SK', '한국전자인증', '카카오', '유수홀딩스', '디에스앤엘', '이니텍', '한컴위드', '셀피글로벌', '대성창투', 'SBI핀테크솔루션즈', '삼성에스디에스', '위메이드', '시큐브', 'SK텔레콤', '롯데정보통신', '파수', 'KT', '네오티스', 'NAVER', '케이사인', '드림시큐리티', 'SGA솔루션즈', '네오위즈홀딩스']"
119,스마트그리드(지능형전력망),"['НКИЦ', 'ЦїНКФкDX', 'ЧЧПЁНКХи', 'ЧЧОиООХзХЉ', 'ЛяШ\xadФмЕЇМ\xad', 'КёУїЗЮМП', 'РЮНКФкКё', 'LS ELECTRIC', 'ДЉИЎЧУЗКНК', 'РЯСјШІЕљНК', 'ЧбРќЛъОї', 'ПШДЯНУНКХл', 'ОЦРЬОиОО', 'РЬБлЗч', 'ФкФо', 'РЯСјРќБт', 'БЄИэРќБт', 'КёУїЗЮНУНК', 'CS', 'ОЦИ№БзИАХи', 'М\xadРќБтРќ']"
120,DMZ 평화공원,"['시공테크', '퍼스텍', '누리플랜', '크라운해태홀딩스', '유진로봇', '웹스', '모헨즈', '용평리조트', '서희건설', '이화공영', '삼륭물산', '일신석재', '대창스틸', '딜리', '코아스', '자연과환경', '웰크론', '하이드로리튬', '시그네틱스', '씨아이테크']"
121,해저터널(지하화/지하도로 등),"['LS마린솔루션', '한국선재', '동아지질', '우원개발', 'LS', '특수건설', '부산산업', '세명전기']"
122,테마명,[]
123,테마명,[]
124,코로나19(진단/치료제/백신 개발 등),"['시너지이노베이션', '앤디포스', '미코바이오메드', '에스디바이오센서', '한국비엔씨', '삼천당제약', '바이오노트', '펩트론', '드림텍', '엑세스바이오', '진시스템', '유바이오로직스', '케어젠', '씨젠', '비엘', '케이바이오', '디엔에이링크', '코미팜', '강스템바이오텍', '셀리드', '대웅제약', '종근당', '마이크로디지탈', '부광약품', '레고켐바이오', '셀트리온', '제노포커스', '소마젠', '큐라티스', '휴마시스', '팜젠사이언스', 'SK바이오사이언스', '진원생명과학', '뉴지랩파마', '비씨월드제약', '쎌마테라퓨틱스', '셀리버리', '더메디팜', '인바이오젠', '피에이치씨', '바이오톡스텍', '수젠텍', '녹십자', '수성샐바시온', 'SV인베스트먼트', '일동제약', '텔콘RF제약', '바이오스마트', '마크로젠', '바이오니아', '일양약품', '카이노스메드', '신풍제약', '유나이티드제약', '아이진', '미코', '나노브릭', '압타바이오', '랩지노믹스', '오상자이엘', '네이처셀', '메디콕스', '한국파마', '케이피엠테크', '나노엔텍', '제일약품', '옵티팜', '휴온스', '국전약품', '제넥신', '진매트릭스', '얼라인드', '녹십자엠에스', '동화약품', '파미셀', '대웅', '씨티씨바이오', '제놀루션', '샤페론', '현대바이오', '유틸렉스', '퀀타매트릭스', '세종메디칼', '인트론바이오', '앱클론', 'CJ 바이오사이언스', 'EDGC', 'CG인바이츠', '에이비온', '바디텍메드', '엔지켐생명과학', '대원제약', 'JW중외제약', '젠큐릭스', '지노믹트리', '피씨엘']"
125,시멘트/레미콘,"['한일시멘트', '유진기업', '유니온', '서산', '쌍용C&E', '아세아시멘트', '모헨즈', '쎄니트', '한일현대시멘트', '삼표시멘트', '고려시멘트', '동양', '보광산업', '성신양회', '홈센타홀딩스', '부산산업', 'SG']"
126,카카오뱅크(kakao BANK),"['한국금융지주', '알서포트', '넷마블', 'KB금융', '인포뱅크', '카카오뱅크', '카카오', '한세예스24홀딩스', '이니텍', '예스24', '드림시큐리티', '엑셈']"
127,광고,"['에코마케팅', 'YG PLUS', '엔피', '플레이디', '아시아경제', '나스미디어', 'HS애드', '모비데이즈', 'FSN', '이노션', '오리콤', '비케이홀딩스', '제일기획', 'SM C&C', '지어소프트', '케어랩스', '이엠넷', '와이즈버즈', '엔비티', '와이더플래닛', '인크로스']"
128,스마트홈(홈네트워크),"['포스코DX', '코맥스', '상지카일룸', 'LG전자', '자이에스앤디', '피에스텍', '에스원', '제일전기공업', 'LG유플러스', '위닉스', '와이투솔루션', '삼성전자', 'SK텔레콤', 'KT', '누리플렉스', '옴니시스템', '텔레필드', '코콤', '현대리바트', 'CS', '현대에이치티', 'HDC랩스', '엠젠솔루션', '경동나비엔', '에스넷']"
129,日제품 불매운동(수혜),"['그리티', 'TBH글로벌', '메디앙스', '아가방컴퍼니', '크라운해태홀딩스', '리드코프', '크라운제과', '깨끗한나라', '쌍방울', '좋은사람들', '하이트진로', '하이트진로홀딩스', '배럴', '보해양조', '모나리자', '해태제과식품', '비비안', '코데즈컴바인', 'BYC', '신성통상', '보라티알', '모나미']"
130,야놀자(Yanolja),"['SBI인베스트먼트', '한화투자증권', '그래디언트', '한화생명', '아주IB투자']"
131,스마트카(SMART CAR),"['세코닉스', '커머스마이너', 'MDS테크', '모트렉스', '현대모비스', '인포뱅크', 'LG이노텍', 'HL만도', '엠씨넥스', '아이에이', 'DB하이텍', '오비고', '유비벨록스', '모바일어플라이언스']"
132,폐배터리,"['POSCO홀딩스', 'LG화학', '아이에스동서', 'SK이노베이션', 'LG에너지솔루션', '성일하이텍', '새빗켐', '이지트로닉스', '하나기술', 'NPC', '현대차', '코스모화학', '인선이엔티', '웰크론한텍', '파워로직스', '디에이테크놀로지', '원익피앤이', '두산에너빌리티', '영화테크', '케이피에스', '에코프로']"
133,SSD,"['하나마이크론', 'SFA반도체', '삼성전자', 'SGA', '심텍', 'SK하이닉스', 'KX하이텍', '네오셈']"
134,출산장려정책,"['예림당', '메디앙스', '유엔젤', '아가방컴퍼니', 'SAMG엔터', '제로투세븐', '꿈비', '네오팜', '대교', '깨끗한나라', '남양유업', '삼익악기', '락앤락', '모나리자', '웅진씽크빅', '삼성출판사', '토박스코리아', '헝셩그룹', '매일유업', '캐리소프트']"
135,통신,"['LG유플러스', 'SK텔레콤', 'KT']"
136,황사/미세먼지,"['포스코DX', '누리플랜', '코웨이', '씨앤투스', '하츠', '오공', '위닉스', '삼일제약', '크린앤사이언스', '상아프론테크', '옵투스제약', 'KC코트렐', '에스디생명공학', '국제약품', '한국테크놀로지', '비디아이', '케이엠', '에코프로에이치엔', '락앤락', '위니아', '케스피온', '나노', '모나리자', '보령', '웰크론', '파세코', '안국약품', '롯데하이마트', '성창오토텍', '휴비츠', 'JW중외제약']"
137,"백신/진단시약/방역(신종플루, AI 등)","['미코바이오메드', '엑서지21', '엔케이맥스', 'LG화학', '엑세스바이오', '유바이오로직스', '화일약품', '씨젠', '비엘', 'SK케미칼', '코미팜', '차백신연구소', '대한뉴팜', '종근당', '우진비앤지', '큐라티스', 'SK바이오사이언스', '진원생명과학', '한미약품', '이글벳', '제일바이오', '진바이오텍', '수젠텍', '녹십자', '중앙백신', '파루', '유한양행', '녹십자홀딩스', '바이오니아', '대성미생물', '일양약품', '광동제약', '에이프로젠바이오로직스', '보령', '신풍제약', '아이진', '랩지노믹스', '일성신약', '옵티팜', '경남제약', '진매트릭스', '씨티씨바이오', '프로테옴텍', '고려제약', '한국콜마홀딩스', '인트론바이오', '바디텍메드', '체시스', '피씨엘']"
138,NFT(대체불가토큰),"['MDS테크', '갤럭시아에스엠', '카카오게임즈', '컴퍼니케이', '핑거', '하이브', '아프리카TV', '카카오', '블레이드 Ent', '다날', '아톤', '비덴트', '갤럭시아머니트리', '컴투스', '초록뱀미디어', '폴라리스오피스', '삼성전자', 'FSN', '위메이드', '엔씨소프트', '컴투스홀딩스', '에이스토리', '미투온', '엠게임', '서울옥션', '드래곤플라이', 'NAVER', '엔비티']"
139,생명보험,"['동양생명', '코리안리', '삼성생명', '미래에셋생명', '한화생명', '에이플러스에셋']"
140,2022 상반기 신규상장,"['모아데이타', '인카금융서비스', '유일로보틱스', 'IBKS제17호스팩', '스코넥', '스톤브릿지벤처스', '아셈스', 'LG에너지솔루션', '바이오에프디엔씨', '범한퓨얼셀', '세아메카닉스', '비플라이소프트', '하나금융21호스팩', '키움제6호스팩', '케이옥션', '이지트로닉스', '삼성스팩6호', '신영스팩7호', '나래나노텍', 'DB금융스팩10호', '위니아에이드', '메쎄이상', '대명에너지', '신한제9호스팩', '공구우먼', '미래에셋비전스팩1호', '케이비제21호스팩', '포바이포', '애드바이오텍', '교보12호스팩', '상상인제3호스팩', '유진스팩8호', '오토앤', '가온칩스', '지투파워', '엔에이치스팩23호', '청담글로벌', '퓨런티어', '풍원정밀', '레이저쎌', '하나금융22호스팩', '브이씨', '비씨엔씨', '마스턴프리미어리츠', '코람코더원리츠', '노을', '보로노이']"
141,자동차부품,"['대동기어', '대성파인텍', '구영테크', '대동금속', '효성첨단소재', '케이피에프', '일지테크', '와이엠', '서연이화', '티피씨글로벌', '에스엘', '동양피스톤', '디와이씨', '풍강', '포메탈', '모트렉스', 'KB오토시스', '피에스텍', '오스템', '덕우전자', '현대모비스', '영화금속', '세아메카닉스', '세동', '재영솔루텍', '웹스', '에코볼트', 'HL홀딩스', '삼보모터스', 'GH신소재', '화신', '유니온머티리얼', 'DH오토웨어', 'SG글로벌', '현대위아', '대우부품', '계양전기', '화천기계', '아진산업', '일진하이솔루스', '대유에이텍', '영보화학', '상신브레이크', '세아특수강', 'KBI메탈', 'SJM', '한국무브넥스', '케이비아이동국실업', 'SNT다이내믹스', '부산주공', '일정실업', 'LG이노텍', '성우하이텍', '휴림에이텍', '엠에스오토텍', '화신정공', 'HL만도', '네오오토', '유니테크노', '삼성공조', '모토닉', 'SG&G', '유라테크', '두올', '티에이치엔', '세종공업', '나라엠앤디', '엔브이에이치코리아', '케이엔더블유', '남선알미늄', '에스텍', '에코플라스틱', '덕양산업', '인탑스', '서연탑메탈', 'DRB동일', '디아이씨', 'BGF에코머티리얼즈', '인팩', '한온시스템', '삼원강재', '에코캡', '화승알앤에이', '모베이스전자', '한일단조', '네오티스', '알멕', '세원물산', '동아화성', '명신산업', '핸즈코퍼레이션', '디와이', '화승코퍼레이션', 'HDC현대EP', '인화정공', '대원강업', '현대공업', '인지컨트롤스', '우수AMS', '대원산업', '대유플러스', '유성기업', '클라우드에어', '평화산업', '동원금속', '코리아에프티', '씨티알모빌리티', '세원정공', '금호에이치티', '폴라리스세원', '지엠비코리아', '영흥', 'SNT모티브', '삼기', 'LX하우시스', '캐스텍코리아', '새론오토모티브', '한국단자', '트루윈', '유니크', '태원물산', '영화테크', '대호에이엘', '경창산업', '오리엔트정공', '아이윈', '대유에이피', '서진오토모티브', '태양금속', '성창오토텍', '한주라이트메탈', 'DN오토모티브', 'CBI', '에스엠벡셀', '이원컴포텍', '피에이치에이', '디젠스', '우리산업', '우신시스템', '체시스', '시노펙스', '육일씨엔에쓰', '코다코']"
142,마이크로 LED,"['LG전자', '영우디에스피', '루멘스', '라온텍', '티엘아이', '에스엘에너지', '원풍물산', '삼성전자', '서울반도체', '광전자', '큐에스아이', '코세스']"
143,음원/음반,"['YG PLUS', 'CJ ENM', '에스엠', '하이브', '카카오', '지니뮤직', '다날', 'JYP Ent.', 'IHQ', '알비더블유', 'NHN벅스', '와이지엔터테인먼트', '에프엔씨엔터', '드림어스컴퍼니', '판타지오']"
144,전자결제(전자화폐),"['카페24', '인포뱅크', 'LG유플러스', '다날', '카카오페이', '갤럭시아머니트리', '쿠콘', 'SBI핀테크솔루션즈', '인포바인', 'KG이니시스', 'NHN KCP', 'KG모빌리언스', 'NHN', '헥토파이낸셜', '한국정보통신', '신세계 I&C']"
145,코로나19(진단키트),"['앤디포스', '미코바이오메드', '에스디바이오센서', '바이오노트', '드림텍', '진시스템', '엑세스바이오', '유바이오로직스', '씨젠', '디엔에이링크', '대웅제약', '종근당', '마이크로디지탈', '소마젠', '제노포커스', '휴마시스', '팜젠사이언스', '더메디팜', '인바이오젠', '시스웍', '피에이치씨', '바이오톡스텍', '수젠텍', '일동제약', '바이오스마트', '바이오니아', '미코', '나노브릭', '랩지노믹스', '오상자이엘', '메디콕스', '나노엔텍', '휴온스', '프리시젼바이오', '진매트릭스', '얼라인드', '녹십자엠에스', '파미셀', '씨티씨바이오', '제놀루션', '퀀타매트릭스', '인트론바이오', 'CJ 바이오사이언스', 'EDGC', '바디텍메드', '젠큐릭스', '지노믹트리', '피씨엘']"
146,CCTV＆DVR,"['코맥스', '시티랩스', '앤씨앤', '한화에어로스페이스', '하이트론', 'ITX-AI', '뉴지랩파마', '인콘', '아이디스', '대명소노시즌', '코콤', '비츠로시스', '포커스에이치엔에스']"
147,패션/의류,"['그리티', 'TBH글로벌', '제이에스코퍼레이션', '엠에프엠코리아', '한섬', '코오롱인더', 'F&F', '에스티오', '형지엘리트', '패션플랫폼', 'F&F홀딩스', '영원무역', '신영와코루', '휠라홀딩스', '삼성물산', 'LF', '화승인더', '화승엔터프라이즈', '젬백스링크', '진도', '파나케이아', '인바이오젠', '쌍방울', '좋은사람들', '신세계인터내셔날', '윙스풋', '원풍물산', '국동', '제이에스티나', 'SG세계물산', '대현', '지엔코', '한세실업', '배럴', '윌비스', '브랜드엑스코퍼레이션', '공구우먼', '이스트아시아홀딩스', '신원', '비비안', '인디에프', '태평양물산', '호전실업', '까스텔바작', '메타랩스', '더네이쳐홀딩스', '형지I&C', '크리스에프앤씨', '에스제이그룹', '코데즈컴바인', '토박스코리아', '한세엠케이', '리노스', 'BYC', '신성통상', 'LS네트웍스', '감성코퍼레이션', '코웰패션']"
148,치매,"['대화제약', '펩트론', '에스유홀딩스', '에이비엘바이오', '화일약품', '동아에스티', 'SK케미칼', '젬백스', '대웅제약', '종근당', '동구바이오제약', '삼성제약', '솔고바이오', '인벤티지랩', '유유제약', '셀리버리', '바이오톡스텍', '수젠텍', '진양제약', '현대약품', '유한양행', '배럴', '일동제약', '메디프론', '바이오스마트', '엔젠바이오', 'HLB제약', '모나리자', '에이프로젠바이오로직스', '보령', '일진홀딩스', '피플바이오', '리메드', '삼진제약', '네이처셀', '한국파마', '신신제약', '이연제약', '국전약품', '명문제약', '씨티씨바이오', '메디포스트', '샤페론', '고려제약', '라파스', '아이큐어', '환인제약', '퀀타매트릭스', '퓨쳐켐', 'EDGC', '이수앱지스', '보로노이', '피씨엘']"
149,영화,"['롯데쇼핑', 'CJ ENM', '바른손이앤에이', '덱스터', 'SM Life Design', '쎄니트', '쇼박스', '콘텐트리중앙', 'IHQ', '버킷스튜디오', '세기상사', '포바이포', '바른손', 'NEW', '아센디오', 'CJ CGV']"
150,엠폭스(원숭이두창),"['미코바이오메드', '엑세스바이오', '씨젠', '휴마시스', '팜젠사이언스', '블레이드 Ent', '녹십자홀딩스', '케스피온', '바이오니아', 'HK이노엔', '랩지노믹스', '오상자이엘', '진매트릭스', '녹십자엠에스', '파미셀', '제놀루션', '현대바이오', '바디텍메드']"
151,사료,"['대한제당', '카나리아바이오', '우성', '팜스코', 'CJ제일제당', '우진비앤지', '케이씨피드', '고려산업', '미래생명자원', '한탑', '대주산업', '이지홀딩스', '애드바이오텍', '이지바이오', '씨티씨바이오', '사조동아원', '한일사료', '팜스토리', '선진', '오에스피']"
152,강관업체(Steel pipe),"['세아제강', '휴스틸', '하이스틸', 'SK오션플랜트', '금강공업', '한국주철관', '유에스티', '동양철관', '코센', '넥스틸']"
153,화장품,"['코디', '글로본', '스피어파워', '클리오', '애경산업', 'YG PLUS', '올리패스', '승일', 'CSA 코스믹', '케어젠', '실리콘투', '제로투세븐', '코웨이', '강스템바이오텍', '디와이디', 'CJ제일제당', '스튜디오산타클로스', '동구바이오제약', '아모레퍼시픽', '에이블씨엔씨', '웨스트라이즈', '네오팜', '바이온', '애니젠', '엔에프씨', '국제약품', '코스온', '세원이앤씨', '이아이디', '파나케이아', '신세계인터내셔날', '에스디생명공학', '잇츠한불', '미원상사', '엘앤씨바이오', '아모레G', '한국주철관', '비엘팜텍', '아이패밀리에스씨', '대봉엘에스', '프롬바이오', 'HLB글로벌', '휴엠앤씨', '코스나인', '바이오스마트', '브이티', '제이준코스메틱', '잉글우드랩', '동성제약', '넥스트아이', '제닉', '오상자이엘', '슈피겐코리아', 'LG생활건강', '현대바이오랜드', '네이처셀', '연우', '토니모리', '한국콜마', '클래시스', '씨앤씨인터내셔널', '콜마비앤에이치', '메타랩스', '청담글로벌', '파미셀', '코스메카코리아', '바른손', '에스씨엠생명과학', '세화피앤씨', '본느', '현대바이오', '선진뷰티사이언스', '리더스코스메틱', '라파스', '아이큐어', '한국콜마홀딩스', '컬러레이', '뷰티스킨', '내츄럴엔도텍', '씨큐브', '오가닉티코스메틱', '코스맥스', '펌텍코리아', '이엔코퍼레이션', '파마리서치', '피엔케이피부임상연구센타', '씨티케이', '한국화장품제조', '마녀공장', '코리아나', '아우딘퓨쳐스', '한국화장품', '스킨앤스킨']"
154,수소차(연료전지/부품/충전소 등),"['효성첨단소재', '일지테크', '현대제철', '에코바이오', '진성티이씨', '유일에너테크', '한화솔루션', 'STX중공업', '코오롱인더', '동양피스톤', '현대모비스', '현대로템', '비나텍', '범한퓨얼셀', '디케이락', '제이엔케이히터', 'EG', 'SK', '삼보모터스', '두산퓨얼셀', '대우부품', '글로벌에스엠', '코오롱플라스틱', '일진하이솔루스', '상아프론테크', '대창솔루션', '이지트로닉스', '부산주공', '효성중공업', 'MIT', '시스웍', '조광ILI', '국일제지', '엘티씨', '모토닉', '기아', '티에이치엔', '세종공업', '비엠티', '에스퓨얼셀', '에스코넥', '풍국주정', '현대차', '한온시스템', 'LS ELECTRIC', '성문전자', '디아이티', '효성화학', '동아화성', '엔케이', '미코', '디와이', '삼영에스앤씨', '대원강업', '우수AMS', '인지컨트롤스', '신도기연', '이엠코리아', '아이에이', '평화산업', '일진다이아', '삼양사', '폴라리스세원', '지엠비코리아', 'SNT모티브', '삼기', '에스에너지', '유니크', '원익머트리얼즈', '영화테크', '성창오토텍', '평화홀딩스', '삼화전자', '뉴인텍', '라이트론', '코웰패션', '우리산업', '시노펙스']"
155,기업인수목적회사(SPAC),"['РЬЗЃНУНК', 'ПЃПЁРЬФЁНКЦб28ШЃ', 'РЉХи', 'БГКИ11ШЃНКЦб', 'ЧЯРЬЕі', 'IBKSСІ17ШЃНКЦб', 'СіПРИДПЁГЪСі', 'ПЅПЁЧСПЅФкИЎОЦ', 'ОЦРЬПЄЛчРЬО№НК', 'DBБнРЖНКЦб9ШЃ', 'Е№ПЭРЬОО', 'ПРЧЯРгОЦРЬПЃЦМ', 'МжЦЎПўОю', 'ФЩРЬКёСІ23ШЃНКЦб', 'БГКИ14ШЃНКЦб', 'ЦФРЬЙіЧСЗЮ', 'ПЁНКПЁРЬЦМРЬПЃСі', 'ЧіДыЙЋКЄНК', 'ЧбБЙСІ12ШЃНКЦб', 'И№ФкПЅНУНК', 'ЧЯРЮХЉФкИЎОЦ', 'ЙЬЗЁПЁМТКёРќНКЦб2ШЃ', 'KBСІ25ШЃНКЦб', 'ПЃЧЧ', 'TSЦЎИБИЎПТ', 'КэИЎУїПўРЬ', 'ДыНХЙыЗБНКСІ16ШЃНКЦб', 'ЧЯГЊ29ШЃНКЦб', 'ЧЯРЬСІ7ШЃНКЦб', 'ЧЯГЊБнРЖ21ШЃНКЦб', 'ЗЙРЬХЉИгЦМИЎОѓСю', 'РЯНТ', 'ПЁРЬФЁПЅООСІ5ШЃНКЦб', 'РЏОШХИСІ13ШЃНКЦб', 'ПЃПЁРЬФЁНКЦб29ШЃ', 'ХАПђСІ6ШЃНКЦб', 'ПЃПЁРЬФЁНКЦб26ШЃ', 'ПЁНКФЩРЬСѕБЧСІ10ШЃНКЦб', 'ЛяМКНКЦб7ШЃ', 'ЛяМКНКЦб8ШЃ', 'МвЧСЦЎФЗЧС', 'НХЧбСІ7ШЃНКЦб', 'РЏОШХИСІ8ШЃНКЦб', 'ЧЯГЊИгНКЦЎ7ШЃНКЦб', 'РЏСјНКЦб6ШЃ', 'ЧЯРЬСІ6ШЃНКЦб', 'РЏСјНКЦб7ШЃ', 'ПЃПЁРЬФЁНКЦб20ШЃ', 'НХЧбСІ8ШЃНКЦб', 'ЧЯГЊБнРЖ20ШЃНКЦб', 'DBБнРЖНКЦб10ШЃ', 'НХПЕНКЦб7ШЃ', 'ЛяМКНКЦб6ШЃ', 'IBKSСІ19ШЃНКЦб', 'ЧЯГЊБнРЖ23ШЃНКЦб', 'НХПЕНКЦб8ШЃ', 'ЧЯГЊБнРЖ24ШЃНКЦб', 'ХАПђСІ7ШЃНКЦб', 'ЧЯГЊБнРЖ25ШЃНКЦб', 'ПЁНКФЩРЬСѕБЧСІ8ШЃНКЦб', 'ФЩРЬКёСІ22ШЃНКЦб', 'ЧбБЙСІ11ШЃНКЦб', 'ПЃПЁРЬФЁНКЦб24ШЃ', 'ПЃПЁРЬФЁНКЦб25ШЃ', 'РЏСјНКЦб9ШЃ', 'IBKSСІ21ШЃНКЦб', 'ЧЯГЊ27ШЃНКЦб', 'IBKSСІ22ШЃНКЦб', 'РЏОШХИСІ14ШЃНКЦб', 'ЧЯГЊ28ШЃНКЦб', 'ДыНХЙыЗБНКСІ15ШЃНКЦб', 'РЎНКЧВ', 'ПЃПЁРЬФЁНКЦб19ШЃ', 'ЙЬЗЁПЁМТЕхИВНКЦб1ШЃ', 'ИоНъРЬЛѓ', 'НХЧбСІ9ШЃНКЦб', 'KBСІ26ШЃНКЦб', 'РЏОШХИСІ11ШЃНКЦб', 'И№КёЕЅРЬСю', 'ЙЬЗЁПЁМТКёРќНКЦб1ШЃ', 'РЏОШХИСІ10ШЃНКЦб', 'ХАПђСІ8ШЃНКЦб', 'ЙЬЗЁПЁМТКёРќНКЦб3ШЃ', 'ФЩРЬКёСІ21ШЃНКЦб', 'ПЁНКФЩРЬСѕБЧСІ9ШЃНКЦб', 'DBБнРЖНКЦб11ШЃ', 'ДйКИИЕХЉ', 'ЙыЗЮЧС', 'ФЋРЬГыНКИоЕх', 'СІРЬНУНКИоЕ№ФЎ', 'БГКИ12ШЃНКЦб', 'ЧбШ\xadЧУЗЏНКСІ3ШЃНКЦб', 'ПЃПЁРЬФЁНКЦб27ШЃ', 'НХПЕНКЦб9ШЃ', 'ПўРЬЙіНК', 'ФкДаПРХфИоРЬМЧ', 'ШоЗГ', 'ЛѓЛѓРЮСІ3ШЃНКЦб', 'ДѕКэРЏПЁНКОЦРЬ', 'ЧбШ\xadЧУЗЏНКСІ2ШЃНКЦб', 'РЏСјНКЦб8ШЃ', 'ДыНХЙыЗБНКСІ14ШЃНКЦб', 'ЧЯГЊ26ШЃНКЦб', 'РЏОШХИСІ12ШЃНКЦб', 'КёПЃФЩРЬСІ1ШЃНКЦб', 'ПЃПЁРЬФЁНКЦб23ШЃ', 'РЏОШХИСІ9ШЃНКЦб', 'IBKSСІ20ШЃНКЦб', 'БЙРќОрЧА', 'ДыНХЙыЗБНКСІ13ШЃНКЦб', 'ЧСЗЮРЬУЕ', 'ЛяМКНКЦб4ШЃ', 'ЛяМКИгНКЦЎНКЦб5ШЃ', 'ПјЙйРЬПРСЈ', 'ДЉКИ', 'ПЭРЬСюЙіСю', 'ЧЯГЊБнРЖ22ШЃНКЦб', 'ГзПТХзХЉ', 'ОЦРЬКёБшПЕ', 'КЇЗЮХЉ', 'ММИВB&G', 'БГКИ13ШЃНКЦб', 'ООПЃОЫИЎМ\xadФЁ', 'ФкЦлНКФкИЎОЦ', 'ХТМК', 'ЕЇЦМНК', 'ЦїФПНКПЁРЬФЁПЃПЁНК', 'ГЊРЮХзХЉ', 'ФкНКХиНУНК', 'ЖѓРЬФо', 'ПјХи', 'ОжДЯЧУЗЏНК', 'КёПУ', 'КёХѕПЃ']"
156,면역항암제,"['엔케이맥스', '카나리아바이오', '오스코텍', '더코디', '에이비엘바이오', '동아에스티', '큐리언트', '셀리드', '박셀바이오', '메드팩토', 'KH 필룩스', '헬릭스미스', '한올바이오파마', '유한양행', '인콘', '차바이오텍', '지씨셀', '파멥신', '압타바이오', '네오이뮨텍', '영진약품', '안국약품', '지아이이노베이션', '티움바이오', '제넥신', '신라젠', '에스티큐브', '유틸렉스', '앱클론', '바이젠셀', 'CG인바이츠', '이수앱지스']"
157,4대강 복원,"['웹스', '우원개발', '혜인', '이화공영', '코엔텍', '삼호개발', '자연과환경', '특수건설', '홈센타홀딩스', '하이드로리튬']"
158,구제역/광우병 수혜,"['우성', '사조오양', '하림', '태경비케이', '우진비앤지', '동우팜투테이블', '동원수산', '신라교역', '사조대림', '사조산업', '대성미생물', '마니커', '신라에스지', '이지홀딩스', '동원산업', '한성기업', 'CJ씨푸드', '정다운', '한일사료', '팜스토리']"
159,마이데이터,"['NICE평가정보', '헥토이노베이션', '핑거', '아이티아이즈', '세종텔레콤', '아톤', '쿠콘', '파수', '파이오링크', '유비벨록스']"
160,2021 하반기 신규상장,"['에스디바이오센서', '지앤비에스 에코', '교보11호스팩', '트윔', '엠로', '바이옵트로', '브레인즈컴퍼니', '원티드랩', '에브리봇', '원준', '실리콘투', '차백신연구소', '큐라클', '지아이텍', '크래프톤', '하이제7호스팩', 'HD현대중공업', '카카오뱅크', '디어유', '아이티아이즈', '와이엠텍', '아주스틸', '일진하이솔루스', '카카오페이', '롯데렌탈', '하나금융20호스팩', '엔켐', '신한제8호스팩', '엔에이치스팩20호', '유진스팩7호', '케이카', '알비더블유', '아이패밀리에스씨', '프롬바이오', '씨유테크', 'HK이노엔', 'SK리츠', '플래티어', '한컴라이프케어', '래몽래인', '코닉오토메이션', '비트나인', '한화플러스제2호스팩', '에스앤디', '리파인', 'NH올원리츠', '툴젠', '미래에셋글로벌리츠', '맥스트', '지오엘리먼트', '오비고', '디앤디플랫폼리츠', '신한서부티엔디리츠', '바이젠셀', '아스플로', '에이비온', '바이오플러스', '피코그램', '지니너스', '라이콤', '딥노이드', '마음AI']"
161,재난/안전(지진 등),"['파라텍', '유엔젤', '현대에버다임', '동양파일', 'LS마린솔루션', '한국종합기술', '동아지질', '삼영엠텍', '광림', 'KH 건설', '삼영이엔씨', '대창스틸', '인콘', '이엔플러스', 'HRS', '오텍', '한컴라이프케어', '희림', '하이드로리튬', '리노스', '삼일씨엔에스', '한창', '서전기전']"
162,그래핀,"['크리스탈신소재', '엑사이엔씨', '상보', '국일제지', '스마트솔루션즈', '덕양산업', '이엔플러스', '대창', '다산솔루에타', '휴비스', '경인양행', '오리엔트정공', '엘엠에스', '덕산하이메탈']"
163,원자력발전,"['제일테크노스', '성광벤드', '태광', '현대건설', 'DL', 'GS건설', '하이록코리아', 'DL이앤씨', '디케이락', '대한전선', '금화피에스시', '한신기계', '한국전력', '에스앤더블류', '강원에너지', '삼영엠텍', '한양이엔지', '휴센텍', '효성중공업', '조광ILI', 'SG&G', '한전KPS', '대우건설', '수산인더스트리', '비엠티', '에너토크', '대창스틸', '한전기술', '일진파워', 'LS ELECTRIC', 'HRS', '티플랙스', '한전산업', '우진', 'SNT에너지', '이엠코리아', '지투파워', '보성파워텍', '두산에너빌리티', '디티앤씨', '광명전기', '우리기술', '에이프로젠', '비에이치아이', '태웅', '서전기전', '오르비텍', '금양그린파워']"
164,테마명,[]
165,원자력발전,"['제일테크노스', '성광벤드', '태광', '현대건설', 'DL', 'GS건설', '하이록코리아', 'DL이앤씨', '디케이락', '대한전선', '금화피에스시', '한신기계', '한국전력', '에스앤더블류', '강원에너지', '삼영엠텍', '한양이엔지', '휴센텍', '효성중공업', '조광ILI', 'SG&G', '한전KPS', '대우건설', '수산인더스트리', '비엠티', '에너토크', '대창스틸', '한전기술', '일진파워', 'LS ELECTRIC', 'HRS', '티플랙스', '한전산업', '우진', 'SNT에너지', '이엠코리아', '지투파워', '보성파워텍', '두산에너빌리티', '디티앤씨', '광명전기', '우리기술', '에이프로젠', '비에이치아이', '태웅', '서전기전', '오르비텍', '금양그린파워']"
166,항공기부품,"['ОЦНКЦЎ', 'ДыЧбЧзАј', 'ЧбБЙФЋКЛ', 'ЧіДыРЇОЦ', 'ЧбШ\xadПЁОюЗЮНКЦфРЬНК', 'ШоМОХи', 'ОюНКОиПЁОюЗЮНКЦфРЬНК', 'LIGГиНКПј', 'ШоДЯЕх', 'ЧЯРЬСюЧзАј', 'РЬПЅФкИЎОЦ', 'ЕЮЛъПЁГЪКєИЎЦМ', 'ЧбБЙЧзАјПьСж', 'ФЫФкОЦПЁОюЗЮНКЦфРЬНК', 'ПРИЃКёХи']"
167,제대혈,"['강스템바이오텍', '세원이앤씨', '녹십자', '차바이오텍', '지씨셀', '메디포스트']"
168,마스크,"['나노캠텍', '애경산업', '메디앙스', '아가방컴퍼니', '씨앤투스', '오공', '웅진', '크린앤사이언스', '깨끗한나라', '국제약품', '쌍방울', '엘아이에스', '일월지엠엘', '에스디생명공학', '비케이탑스', '한송네오텍', '락앤락', '케이엠', '일동제약', '동양', '인콘', '조아제약', '모나리자', '한컴라이프케어', '동국제약', '카스', '웰크론', '케이피엠테크', '비비안', '휴비스', '케이엠제약', '디케이앤디', '녹십자엠에스', '톱텍', '풍원정밀', '코데즈컴바인', '국보', '레몬', 'JW중외제약', '에이치앤비디자인']"
169,엔젤산업,"['예림당', '손오공', '메디앙스', '아가방컴퍼니', 'SAMG엔터', '제로투세븐', '꿈비', '유진로봇', '네오팜', '대교', '정상제이엘에스', '남양유업', '삼천리자전거', '대원미디어', '오로라', '락앤락', '삼익악기', '웅진씽크빅', '청담글로벌', '삼성출판사', '토박스코리아', '헝셩그룹', '매일유업', '오가닉티코스메틱', '모나미', '캐리소프트']"
170,줄기세포,"['스피어파워', '강스템바이오텍', '부광약품', '동구바이오제약', 'HLB', '바이온', '더메디팜', '세원이앤씨', '테고사이언스', 'HLB생명과학', '마크로젠', '차바이오텍', '조아제약', '지씨셀', '안트로젠', '코아스템켐온', '네이처셀', '제일약품', '파미셀', '메디포스트', '에스씨엠생명과학', '에스바이오메딕스', '바이오솔루션']"
171,손해보험,"['현대해상', '흥국화재', '코리안리', '한화손해보험', '에이플러스에셋', '롯데손해보험', '삼성화재', 'DB손해보험']"
172,2019 상반기 신규상장,"['이노테라피', '드림텍', '엠에프엠코리아', '천보', '현대무벡스', '셀리드', '마이크로디지탈', '컴퍼니케이', 'TS트릴리온', '에코프로비엠', '현대오토에버', '미래에셋벤처투자', '수젠텍', '압타바이오', '웹케시', '까스텔바작', '프로이천', '노랑풍선', '코퍼스코리아', '아모그린텍', '태성', '이지케어텍', '지노믹트리']"
173,제약업체,"['대화제약', '삼천당제약', '하이텍팜', '화일약품', '에스티팜', '동아에스티', '대웅제약', '대한뉴팜', '종근당', '부광약품', '동구바이오제약', '신일제약', '삼성제약', '그린생명과학', '셀트리온제약', '알리코제약', '삼일제약', 'CMG제약', '유유제약', '한미약품', '팜젠사이언스', '에스텍파마', 'SK바이오사이언스', '국제약품', '삼성바이오로직스', '경동제약', '비씨월드제약', '진양제약', '코오롱생명과학', '녹십자', '한올바이오파마', '테라젠이텍스', '현대약품', '유한양행', '일동제약', '텔콘RF제약', 'HLB제약', '조아제약', 'HK이노엔', '일양약품', '광동제약', '동국제약', '보령', '신풍제약', '동성제약', 'SK바이오팜', '유나이티드제약', '프레스티지바이오파마', '한국유니온제약', '에이프로젠바이오로직스', '녹십자웰빙', '삼진제약', '한국파마', '영진약품', '제일약품', '안국약품', '대한약품', '신신제약', '일성신약', '한독', '이연제약', '휴온스', '위더스제약', '경남제약', '삼아제약', '국전약품', '동화약품', '명문제약', '프레스티지바이오로직스', '고려제약', '지엘팜텍', '아이큐어', '환인제약', '비보존 제약', '하나제약', 'JW신약', 'JW생명과학', '경보제약', '서울제약', '압타머사이언스', '알피바이오', '동아쏘시오홀딩스', '엔지켐생명과학', 'JW중외제약', '대원제약']"
174,지주사,"['CJ', 'GS', '솔본', '세아베스틸지주', '한화', 'HD현대', 'DL', '한국금융지주', '동국홀딩스', '부방', 'JB금융지주', '효성', '한진칼', '크라운해태홀딩스', 'LG', '롯데지주', '세아홀딩스', 'BNK금융지주', '성창기업지주', 'DGB금융지주', '풍산홀딩스', 'HD한국조선해양', 'F&F홀딩스', '하나금융지주', '경동인베스트', 'SK', '삼양홀딩스', 'CS홀딩스', 'OCI홀딩스', '한국앤컴퍼니', 'AJ네트웍스', '삼성물산', '신한지주', 'HL홀딩스', 'KB금융', '현대지에프홀딩스', '아세아', 'LX홀딩스', '웅진', '하림지주', '샘표', 'SNT홀딩스', '두산밥캣', '종근당홀딩스', '우리금융지주', '글로벌에스엠', '콘텐트리중앙', '화승엔터프라이즈', '넥센', 'KPX홀딩스', '유수홀딩스', '우리산업홀딩스', '동성케미컬', '한일홀딩스', '코오롱', 'SK디스커버리', 'LS', 'AK홀딩스', '예스코홀딩스', '한세예스24홀딩스', '유비쿼스홀딩스', '일동홀딩스', '아모레G', '오리온홀딩스', '하이트진로홀딩스', '영원무역홀딩스', '이녹스', '한솔홀딩스', '녹십자홀딩스', '그래디언트', 'DRB동일', '서연', '농심홀딩스', '진양홀딩스', 'CR홀딩스', '해성산업', '이지홀딩스', 'BGF', '골든센츄리', '동원산업', '엘브이엠씨홀딩스', '골프존뉴딘홀딩스', '미원홀딩스', '일진홀딩스', '대덕', '세아제강지주', '디와이', '컴투스홀딩스', '아이디스홀딩스', '노루홀딩스', '한미사이언스', '비츠로테크', '금호건설', 'KISCO홀딩스', 'HDC', '대상홀딩스', '풀무원', '한진중공업홀딩스', '이건홀딩스', '한국전자홀딩스', 'APS', '메리츠금융지주', 'KC그린홀딩스', '매일홀딩스', 'LS전선아시아', '슈프리마에이치큐', '티와이홀딩스', '대웅', '제일파마홀딩스', '두산', '심텍홀딩스', 'GRT', '휴온스글로벌', '한국콜마홀딩스', '헝셩그룹', 'NICE', '코아시아', '솔브레인홀딩스', '오가닉티코스메틱', '평화홀딩스', 'DB', 'CNH', 'SJM홀딩스', 'JW홀딩스', '휴맥스홀딩스', '동아쏘시오홀딩스', '코스맥스비티아이', '네오위즈홀딩스', '윙입푸드', '로스웰', '덕산하이메탈', '신송홀딩스', '에코프로', '쿠쿠홀딩스']"
175,K-뉴딜지수(게임),"['네오위즈', '웹젠', '카카오게임즈', '넷마블', '크래프톤', '펄어비스', '컴투스', '위메이드', '엔씨소프트', 'NHN', '골프존', '더블유게임즈', '데브시스터즈']"
176,면세점,"['신세계', '현대백화점', '호텔신라', '하나투어', '제이에스티나', '글로벌텍스프리', 'HDC', '토니모리', '한국정보통신', 'JTC']"
177,카지노,"['에이루트', 'GKL', '강원랜드', '에스엘에너지', '파라다이스', '코텍', '롯데관광개발', '토비스']"
178,SI(시스템통합),"['포스코DX', '한솔인티큐브', '데이타솔루션', '케이엘넷', '현대무벡스', '한화시스템', 'SK', '아이티센', '정원엔시스', '현대오토에버', '위즈코프', '비케이탑스', '삼성에스디에스', '링네트', '롯데정보통신', '대신정보통신', '에스트래픽', '아시아나IDT', '광무', '오상자이엘', '웹케시', '비트컴퓨터', 'SGA', '다우기술', '쌍용정보통신', '신세계 I&C', '오파스넷', '케이씨에스', 'SGA솔루션즈', '토마토시스템', 'DB', '아이크래프트', '나무기술']"
179,수산,"['사조오양', '동원수산', '신라교역', '사조대림', '사조산업', '신라에스지', '동원산업', '한성기업', 'CJ씨푸드', '사조씨푸드']"
180,치아 치료(임플란트 등),"['나이벡', '오스코텍', '디오', '바텍', '쎌마테라퓨틱스', '메타바이오메드', '신흥', '현대바이오랜드', '레이', '덴티움', '덴티스', '오스테오닉']"
181,2020 하반기 신규상장,"['미코바이오메드', '하이딥', '에이프로', '핌스', '솔트룩스', '바이브컴퍼니', '앱코', '에프앤가이드', '티에스아이', '카카오게임즈', '엠투아이', '제일전기공업', '비나텍', '알체라', '박셀바이오', '블리츠웨이', '하이브', '소마젠', '미투젠', '교촌에프앤비', '에이치엠씨제5호스팩', '엔에프씨', '클리노믹스', '하나기술', '영림원소프트랩', '포인트모바일', '소룩스', 'ESR켄달스퀘어리츠', '미래에셋맵스리츠', '엠브레인', '코람코에너지리츠', '석경에이티', '브랜드엑스코퍼레이션', '엔젠바이오', '명신산업', '에이플러스에셋', '이지스레지던스리츠', '비비씨', 'SK바이오팜', '이오플로우', '피플바이오', '센코', '티엘비', '한국파마', '신도기연', '넥스틴', '티앤엘', '와이팜', '프리시젼바이오', '위더스제약', '고바이오랩', '더네이쳐홀딩스', '인바이오', '제놀루션', '지놈앤컴퍼니', '셀레믹스', '제이알글로벌리츠', '케이엔솔', '아이디피', '이지스밸류리츠', '씨엔알리서치', '퀀타매트릭스', '압타머사이언스', '네패스아크', '피엔케이피부임상연구센타', '코스텍시스', '이루다', '에코앤드림', '위드텍']"
182,휴대폰부품,"['앤디포스', '제이앤티씨', '상신이디피', '아비코전자', '세코닉스', '우주일렉트로', '엑사이엔씨', '와이솔', '나무가', '텔레칩스', '이랜텍', '재영솔루텍', '모베이스', '캠시스', '디에이피', 'LG이노텍', '한솔테크닉스', '하이소닉', '인탑스', '코스나인', '에스코넥', '케스피온', '서진시스템', '블루콤', '유아이엘', '아이앤씨', '서원인텍', '엠씨넥스', '파인엠텍', '서울반도체', '한국컴퓨터', '모다이노칩', '파인테크닉스', '이라이콤', '파워로직스', '알에프텍', '와이팜', '아모텍', 'KH바텍', '피델릭스', '이엠앤아이', '엘컴텍', '코아시아씨엠', '디스플레이텍', '기가레인', '세경하이테크', '인터플렉스', '제주반도체', '레몬', '옵트론텍', 'SBW생명과학', '바이오로그디바이스', '이엠텍', '알에프세미']"
183,"주류업(주정, 에탄올 등)","['MH에탄올', '진로발효', '롯데칠성', '창해에탄올', '하이트진로', '하이트진로홀딩스', '보해양조', '풍국주정', '국순당', '나라셀라', '무학', '제주맥주', '한국알콜']"
184,겨울,"['지에스이', '영원무역', '부스타', '한국가스공사', '대성에너지', '한미약품', '서울가스', '인천도시가스', '예스코홀딩스', '경동도시가스', '신일전자', '녹십자', '유한양행', 'SPC삼립', '광동제약', '대성홀딩스', '파세코', '골프존', '삼천리', '동화약품', '지역난방공사', '경동나비엔']"
185,2020 상반기 신규상장,"['제이앤티씨', '드림씨아이에스', '에스에이티이엔지', '플레이디', 'HB솔루션', '위세아이텍', '휴럼', '엔피디', '서울바이오시스', '에스씨엠생명과학', '서남', '켄코아에어로스페이스', '레몬', '젠큐릭스']"
186,핀테크(FinTech),"['라온시큐어', '이스트소프트', '한국정보인증', '인포뱅크', 'SK', '헥토이노베이션', '핑거', 'LG유플러스', '한국전자인증', '성우전자', '카카오', '다날', '카카오페이', '유니셈', '이니텍', '한컴위드', '투비소프트', '갤럭시아머니트리', '아톤', 'SBI핀테크솔루션즈', '시큐브', '코나아이', '서울전자통신', 'KG이니시스', 'KT', 'NHN KCP', 'KG모빌리언스', '헥토파이낸셜', '웹케시', '이글루', '브리지텍', '클라우드에어', '아모텍', 'NAVER', '한국정보통신', 'SGA솔루션즈', '가비아', '시큐센', '다우데이타']"
187,태블릿PC,"['미래나노텍', '아비코전자', 'LG디스플레이', 'LG화학', 'LG전자', '삼성SDI', '셀바스AI', '텔레칩스', '아바텍', '유아이디', '삼성전자', '리튬포어스', '유티아이', '파트론', 'LX세미콘', '다산솔루에타', '이라이콤', '켐트로닉스', 'SK하이닉스', '엘엠에스', '노바텍', '시노펙스', '알에프세미']"
188,SNS(소셜네트워크서비스),"['유엔젤', '인포뱅크', '아프리카TV', '젬백스링크', '카카오', '갤럭시아머니트리', '이루온', 'NHN벅스', 'NAVER', '가비아']"
189,여름,"['후성', '롯데웰푸드', '코웨이', '쿠쿠홈시스', '하림', '위닉스', '에쎈테크', '동우팜투테이블', '롯데칠성', '남해화학', '조비', '신일전자', '하이트진로', '배럴', '위니아', '보해양조', '마니커', '이지홀딩스', '오텍', '파세코', '빙그레', 'LG생활건강', '에스씨디', '제주맥주', '롯데하이마트', '팜스토리', '드림어스컴퍼니', '태경케미컬', '3S']"
190,슈퍼박테리아,"['씨젠', '동아에스티', '큐로컴', '레고켐바이오', '파루', '영진약품', '이연제약', '종근당바이오', '인트론바이오', 'CG인바이츠']"
191,코로나19(치료제/백신 개발 등),"['한국비엔씨', '삼천당제약', '유바이오로직스', '케어젠', '비엘', '케이바이오', '코미팜', '강스템바이오텍', '대웅제약', '셀리드', '부광약품', '레고켐바이오', '셀트리온', '큐라티스', 'SK바이오사이언스', '진원생명과학', '쎌마테라퓨틱스', '셀리버리', '인바이오젠', '녹십자', '수성샐바시온', '일동제약', '텔콘RF제약', '일양약품', '카이노스메드', '신풍제약', '유나이티드제약', '아이진', '압타바이오', '녹십자웰빙', '네이처셀', '메디콕스', '한국파마', '케이피엠테크', '옵티팜', '제넥신', '국전약품', '진매트릭스', '동화약품', '대웅', '샤페론', '현대바이오', '유틸렉스', '세종메디칼', '앱클론', '압타머사이언스', 'CG인바이츠', '에이비온', 'JW중외제약', '대원제약']"
192,백신여권,"['라온시큐어', 'SK텔레콤', 'KT', '케어랩스', 'SGA솔루션즈', '아이크래프트']"
193,초전도체,"['신성델타테크', '덕성', '탑엔지니어링', '한양이엔지', 'LS ELECTRIC', '인지디스플레', '인지컨트롤스', '파워로직스', '아모텍', '원익피앤이', '고려제강', '모비스', '서남']"
194,메르스 코로나 바이러스,"['하이텍팜', '오공', '우진비앤지', '크린앤사이언스', '블레이드 Ent', '진원생명과학', '제일바이오', '이글벳', '백광산업', '진양제약', '중앙백신', '케이엠', '한올바이오파마', '파루', '바이오니아', '웰크론', '에이프로젠바이오로직스', '삼진제약', '케이피엠테크', '서린바이오', '진매트릭스', '오리엔트바이오', '고려제약', '우정바이오', 'DXVX']"
195,mRNA(메신저 리보핵산),"['올릭스', '나이벡', '올리패스', '에스티팜', '삼양홀딩스', '큐라티스', '한미약품', '진원생명과학', '아미노로직스', '녹십자', '아이진', '한미사이언스', '이연제약', '서린바이오', '파미셀', '셀루메드', '엔지켐생명과학', '피씨엘']"
196,골판지 제조,"['한국수출포장', '대림제지', '신대양제지', '율촌화학', '대양제지', '한솔홀딩스', '아세아제지', '영풍제지', '태림포장', '삼보판지', '대영포장', '리더스코스메틱']"
197,삼성페이,"['라온시큐어', '에이텍모빌리티', '효성', '한국정보인증', '삼성카드', '다날', '한솔테크닉스', '효성ITX', '투비소프트', '갤럭시아머니트리', '이니텍', '삼성전자', '인포바인', '코나아이', '서울전자통신', 'KG이니시스', 'NHN KCP', '파트론', '이루온', 'KG모빌리언스', '알에프텍', '지니틱스', '아모텍', '나이스정보통신', '한국정보통신', '케이사인', '드림시큐리티', '유비벨록스', '소니드']"
198,의료기기,"['시너지이노베이션', '미코바이오메드', '루닛', '한국비엔씨', '아스타', '디알텍', '티로보틱스', '자이글', '비스토스', '디오', '미래컴퍼니', '큐렉소', '피제이전자', '씨유메디칼', '코렌텍', '바텍', '셀바스헬스케어', '솔고바이오', '뷰웍스', '레고켐바이오', '뷰노', '티앤알바이오팹', '제테마', '인터로조', '휴마시스', '세운메디칼', '유비케어', '지티지웰니스', '루트로닉', '더메디팜', '이노시스', '인트로메딕', '엘앤씨바이오', '삼성전자', '수젠텍', '메타바이오메드', '네오펙트', '원익', '신흥', '디알젬', '티에스넥스젠', '제이시스메디칼', '레이언스', '이오플로우', '멕아이씨에스', '리메드', '랩지노믹스', '더블유에스아이', '나노엔텍', '한독', '티앤엘', '프리시젼바이오', '아이센스', '클래시스', '엘앤케이바이오', '프로테옴텍', '제놀루션', '바이오다인', '제노레이', '덴티움', '퀀타매트릭스', '세종메디칼', '메디아나', '엠아이텍', '인바디', '휴비츠', '바디텍메드', '아이쓰리시스템', '파마리서치', '바이오플러스', '한스바이오메드', '셀루메드', '플라즈맵', '대원제약', '이루다', '딥노이드', '원텍', '제이엘케이', '비올', '오스테오닉', '하이로닉', '피씨엘']"
199,종합 물류,"['태웅로직스', 'CJ대한통운', '동방', '현대글로비스', 'SG&G', '위니아에이드', '한솔로지스틱스', '한진', '유성티엔에스', '세방', 'KCTC', '삼일', '인터지스', '선광', '초록뱀컴퍼니', '한익스프레스', '국보']"
200,캐릭터상품,"['손오공', 'SAMG엔터', '유진로봇', '블리츠웨이', '대원미디어', '쌍방울', '오로라', '리튬포어스', '캐리소프트', '데브시스터즈']"
201,전력설비,"['HD현대일렉트릭', '에이루트', '제룡전기', '제일전기공업', '대한전선', '금화피에스시', '한국전력', 'LS', '효성중공업', '선도전기', '이화전기', '한전KPS', '대원전선', 'LS ELECTRIC', '피앤씨테크', '한전산업', '제룡산업', '비츠로테크', '지투파워', '일진전기', 'LS전선아시아', '보성파워텍', '세명전기', '두산에너빌리티', '광명전기', '비츠로시스', '가온전선', '서전기전']"
202,엔터테인먼트,"['CJ ENM', '큐브엔터', '엔투텍', '갤럭시아에스엠', '스튜디오산타클로스', '에스엠', '초록뱀이앤엠', '하이브', '디어유', '콘텐트리중앙', '카카오', '지니뮤직', 'JYP Ent.', '스튜디오드래곤', '버킷스튜디오', '아리온', 'IHQ', '초록뱀미디어', '알비더블유', '큐로홀딩스', '래몽래인', '아이오케이', 'SM C&C', 'TJ미디어', '와이지엔터테인먼트', '삼화네트웍스', '코아시아씨엠', '바른손', '에프엔씨엔터', '키이스트', '팬엔터테인먼트', '아센디오', 'NEW', '판타지오']"
203,갤럭시 부품주,"['앤디포스', '제이앤티씨', '세코닉스', '드림텍', '나무가', '이랜텍', 'PI첨단소재', '삼성전기', '모베이스', '캠시스', '한솔테크닉스', '삼성전자', '인탑스', '신화콘텍', '이녹스첨단소재', '씨유테크', '유티아이', '아이엠', '파트론', '엠씨넥스', '대덕', '파워로직스', '알에프텍', '뉴프렉스', '와이팜', '아모텍', 'KH바텍', '코리아써키트', '켐트로닉스', '기가레인', '인터플렉스', '세경하이테크', '비에이치', '아모그린텍', '자화전자', '레몬', '옵트론텍', '대덕전자', '덕산네오룩스', '이수페타시스', '시노펙스']"
204,아프리카 돼지열병(ASF),"['카나리아바이오', '우성', '팜스코', '코미팜', '대한뉴팜', '하림', '태경비케이', '우진비앤지', '동우팜투테이블', '제일바이오', '이글벳', '진바이오텍', '중앙백신', '파루', '고려시멘트', '미래생명자원', '이지홀딩스', '대성미생물', '마니커', '신라에스지', '전진바이오팜', '정다운', '이지바이오', '옵티팜', '경남제약', '씨티씨바이오', '우리손에프앤지', '한일사료', '팜스토리', '셀레믹스', '선진', '윙입푸드', '체시스']"
205,테마명,[]
206,리비안(RIVIAN),"['상신이디피', '피엔티', '포스코인터내셔널', 'TCC스틸', '삼성SDI', '씨아이에스', '대유에이텍', '동국알앤에스', 'HL만도', '남성', '에스코넥', '에코캡', '모베이스전자', '대원화성', '알멕', '디와이', '디에이테크놀로지', '폴라리스세원', '삼진엘앤디', '아모그린텍', '피에이치에이', '우리산업', '우신시스템', '코다코']"
207,"스포츠행사 수혜(올림픽, 월드컵 등)","['하림', '아프리카TV', '동우팜투테이블', '블레이드 Ent', '하이트진로', '하이트진로홀딩스', '이지홀딩스', '마니커', 'SBS', 'SBS콘텐츠허브', '팜스토리', 'DSEN']"
208,사물인터넷,"['에이텍', '코맥스', '커머스마이너', '다산네트웍스', '에이디테크놀로지', '엑사이엔씨', '케이엘넷', '유진로봇', 'LG유플러스', '한국전자인증', '엔텔스', '오픈베이스', '가온그룹', '위즈코프', '알파홀딩스', '효성ITX', '이아이디', '삼성에스디에스', '링네트', '브이티', '대한과학', '누리플렉스', '아이엠', '에이디칩스', '텔레필드', 'SGA', '핸디소프트', '코콤', '유비쿼스', '케이사인', '드림어스컴퍼니', '기가레인', 'SGA솔루션즈', 'HDC랩스', '잉크테크', '비츠로시스', '두산테스나', '트루엔', '우리로', '삼진', '에스넷', '소니드']"
209,반도체 장비,"['코디', '로보스타', '지앤비에스 에코', '하나마이크론', 'HPSP', 'SFA반도체', '알에스오토메이션', '러셀', '더코디', '라온테크', '엑시콘', '제이스텍', '자비스', '프로텍', '엔투텍', '에이팩트', '에스엔유', '피에스케이', '디바이스이엔지', '성우테크론', '티씨케이', '탑엔지니어링', '원익IPS', '유니셈', '한화에어로스페이스', '고영', '리노공업', '한양이엔지', 'AP시스템', '에스에프에이', '스마트솔루션즈', '로체시스템즈', '저스템', '리튬포어스', '씨앤지하이테크', '서진시스템', '와이아이케이', '싸이맥스', '유니테스트', '테스', '디아이', '포인트엔지니어링', '엘오티베큠', '신성이엔지', '넥스틴', '한미반도체', '성도이엔지', '케이씨텍', '팸텍', '오션브릿지', '프로이천', '유진테크', '레이저쎌', '테크윙', '네온테크', '케이엔솔', '기가레인', '오로스테크놀로지', '티에스이', '펨트론', 'HB테크놀러지', '서플러스글로벌', '제우스', 'GST', '티에프이', '코미코', '주성엔지니어링', '아스플로', '네패스아크', '에이피티씨', '인텍플러스', '제너셈', '코세스', '네오셈', '에프에스티', '위드텍', '이오테크닉스', '기가비스', '피에스케이홀딩스', '제이티', '예스티', '에스티아이', '미래산업']"
210,케이블TV SO/MSO,"['CJ ENM', '태광산업', '현대홈쇼핑', 'KX', 'LG헬로비전', '남화토건', '씨씨에스', '현대퓨처넷']"
211,전기차,"['포스코DX', '상신이디피', '유일에너테크', '포스코스틸리온', '신흥에스이씨', 'LG화학', 'LG전자', '코스모신소재', '삼성SDI', 'SK이노베이션', '엠플러스', '피에스텍', '씨아이에스', 'SKC', 'LG에너지솔루션', '엘앤에프', '현대모비스', '성호전자', '세아메카닉스', '한국앤컴퍼니', '캠시스', '삼보모터스', '화신', '초록뱀이앤엠', '현대위아', '솔루스첨단소재', '글로벌에스엠', '계양전기', '와이엠텍', '상아프론테크', '이지트로닉스', '알파홀딩스', '엠에스오토텍', '엔켐', '스마트솔루션즈', '엘아이에스', '아진산업', 'HL만도', '삼화콘덴서', '기아', '나라엠앤디', '덕양산업', '대창스틸', '디아이씨', '인팩', '현대차', '유에스티', '한온시스템', '명신산업', 'LS ELECTRIC', '에스트래픽', '현대이지웰', '성문전자', '모베이스전자', '한일단조', '알멕', '네오티스', '동아화성', '삼화전기', '티플랙스', 'KEC', '현대공업', '우수AMS', '인지컨트롤스', '파워로직스', '대유플러스', '아이에이', '원익피앤이', '씨티알모빌리티', '보성파워텍', '폴라리스세원', 'SNT모티브', '삼기', '지엠비코리아', '한국단자', '휴맥스', '트루윈', '영화테크', '경창산업', '아이윈', '성창오토텍', '삼화전자', '아모그린텍', '한주라이트메탈', '로스웰', '뉴인텍', '코스텍시스', '우리산업', '우신시스템', '나노팀', '코다코', '삼기이브이']"
212,미디어(방송/신문),"['CJ ENM', '콘텐트리중앙', '아시아경제', 'IHQ', 'KNN', 'YTN', '티비씨', '한국경제TV', 'iMBC', 'SBS', '디지틀조선', 'SBS콘텐츠허브', '스카이라이프', '애니플러스']"
213,영상콘텐츠,"['CJ ENM', '와이랩', 'SAMG엔터', '바른손이앤에이', '스튜디오미르', '덱스터', '위지윅스튜디오', '스튜디오산타클로스', 'SM Life Design', '쇼박스', '빅텐츠', '콘텐트리중앙', '대원미디어', 'JYP Ent.', 'IHQ', '스튜디오드래곤', '초록뱀미디어', '버킷스튜디오', '큐로홀딩스', 'KX', '포바이포', '래몽래인', '에이스토리', 'SBS', 'SM C&C', '케이티알파', 'SBS콘텐츠허브', '삼화네트웍스', '바른손', '에프엔씨엔터', '키이스트', '코퍼스코리아', '자이언트스텝', '팬엔터테인먼트', 'NEW', '애니플러스', '캐리소프트']"
214,우주항공산업,"['한화', '쎄트렉아이', '퍼스텍', 'AP위성', '대한항공', '파이버프로', '한화시스템', '현대로템', '한화에어로스페이스', '한양이엔지', '에스에프에이', '세원이앤씨', 'LIG넥스원', '한글과컴퓨터', '비츠로테크', '한국항공우주', '한양디지텍', '서남', '켄코아에어로스페이스', '제노코', '인텔리안테크', '태웅', '덕산하이메탈', '이수페타시스']"
215,쿠팡(coupang),"['팬스타엔터프라이즈', '흥국에프엔비', '서울식품', '쇼박스', '동방', '다날', '아이스크림에듀', '비케이탑스', '갤럭시아머니트리', 'ESR켄달스퀘어리츠', '미래생명자원', '디아이씨', '오텍', 'KCTC', '알로이스', '헥토파이낸셜', '한국전자홀딩스', '케이티알파', '한국정보통신', '엔비티', '태경케미컬', '와이더플래닛', 'NEW']"
216,원자력발전소 해체,"['휴림로봇', '현대건설', '에스앤더블류', '대창솔루션', '한국테크놀로지', '한전KPS', '한전기술', '우진', '비츠로테크', '휴비스', '에이비프로바이오', '두산에너빌리티', '우리기술', '비에이치아이', '오르비텍']"
217,마켓컬리(kurly),"['이씨에스', '팜스코', '흥국에프엔비', 'SK네트웍스', '케이씨피드', '미래에셋벤처투자', 'DSC인베스트먼트', '지어소프트', '태경케미컬', '우양']"
218,자율주행차,"['에이테크솔루션', '세코닉스', '커머스마이너', '드림텍', 'LG전자', 'MDS테크', '모트렉스', '텔레칩스', '현대모비스', '유진로봇', '유니트론텍', '삼성전기', 'THE MIDONG', '인포뱅크', 'HL홀딩스', '캠시스', '삼보모터스', 'DH오토웨어', '앤씨앤', '현대오토에버', 'HL만도', '엔지스테크널러지', '한국테크놀로지', 'LG이노텍', '기아', '삼성전자', 'KG모빌리티', 'SK텔레콤', '현대차', 'KT', '엠씨넥스', '디와이', '아이에이', '칩스앤미디어', '디에이테크놀로지', '코리아에프티', 'NAVER', '파인디지털', '켐트로닉스', '하이비젼시스템', '퓨런티어', '한국단자', '트루윈', 'SK하이닉스', '오비고', '유니퀘스트', '옵트론텍', '아이쓰리시스템', '팅크웨어', '넥스트칩', '라닉스', '모바일어플라이언스', '에이스테크', '스마트레이더시스템']"
219,바이오시밀러(복제 바이오의약품),"['LG화학', '동아에스티', '대웅제약', '종근당', '셀트리온', '셀트리온제약', '셀트리온헬스케어', '한미약품', '삼성바이오로직스', '녹십자', '한올바이오파마', '바이넥스', '보령', '파멥신', '프레스티지바이오파마', '에이프로젠바이오로직스', '프레스티지바이오로직스', '알테오젠', '선바이오', '에이프로젠', '팬젠', '셀루메드', '이수앱지스']"
220,고령화 사회(노인복지),"['오스코텍', 'LG화학', '인성정보', '큐렉소', '피제이전자', '씨유메디칼', '바텍', '뷰웍스', '인터로조', '세운메디칼', '유비케어', '삼성전자', '테라젠이텍스', '메타바이오메드', '코오롱티슈진', '원익', '녹십자홀딩스', '신흥', '마크로젠', 'HLB제약', '차바이오텍', '오텍', '현대바이오랜드', '비트컴퓨터', '나노엔텍', '아이센스', '인피니트헬스케어', '메디포스트', '퓨쳐켐', '앱클론', '인바디', '휴비츠', '셀루메드', '엔지켐생명과학', 'JW중외제약', '대원제약']"
221,웹툰,"['디앤씨미디어', '와이랩', '대원미디어', '카카오', '조이시티', '탑코미디어', 'NHN', '미스터블루', 'NAVER', '엔비티', '핑거스토리', '키다리스튜디오']"
222,MVNO(가상이동통신망사업자),"['CJ ENM', '에스원', '세종텔레콤', '인스코비', '대성홀딩스', 'LG헬로비전', '스카이라이프', '한국정보통신', '아이즈비전']"
223,페라이트,"['미래나노텍', 'EG', '유니온머티리얼', '한솔테크닉스', '케스피온', '한일화학', '삼화전기', '태경산업', '아모센스', '상신전자', '씨큐브', '알엔투테크놀로지', '삼화전자', '아모그린텍']"
224,"구충제(펜벤다졸, 이버멕틴 등)","['화일약품', '알리코제약', '이글벳', '제일바이오', '진바이오텍', '대성미생물', '조아제약', '신풍제약', '명문제약', '체시스']"
225,전기차(충전소/충전기),"['포스코DX', 'LG전자', '아이엘사이언스', '모트렉스', 'SK', 'LG유플러스', 'SK네트웍스', '와이엠텍', '와이투솔루션', '기아', '롯데정보통신', '현대차', '에스트래픽', 'LG헬로비전', '원익피앤이', '대유플러스', '동양이엔피', '알티캐스트', '신세계 I&C', '웰바이오텍', '휴맥스', '디스플레이텍', '한국전자금융', '휴맥스홀딩스', '솔루엠', '윌링스']"
226,음식료업종,"['디딤이앤에프', '대한제당', '에이치피오', '롯데웰푸드', '네오크레마', '에이치엘사이언스', 'CJ제일제당', '흥국에프엔비', '조흥', '현대지에프홀딩스', '서울식품', '현대그린푸드', '초록뱀이앤엠', '오뚜기', '교촌에프앤비', '동서', '크라운제과', '롯데칠성', '대상', '남양유업', '엠에스씨', '삼양식품', 'CJ프레시웨이', '오리온', '하이트진로', '하이트진로홀딩스', '미래생명자원', '한탑', '농심', 'SPC삼립', '국순당', 'HK이노엔', '동원F&B', '해태제과식품', '팜스빌', '푸드웰', '정다운', '휴럼', '뉴트리', '빙그레', 'LG생활건강', '네이처셀', '풀무원', '신세계푸드', '에스앤디', '삼양사', '한국맥널티', '푸드나무', '제주맥주', '사조동아원', '비피도', '대한제분', '마니커에프앤지', '매일유업', '샘표식품', 'DSEN', '코스맥스엔비티', '노바렉스', '보라티알', '신송홀딩스', '인산가', '우양']"
227,코로나19(나파모스타트),"['펩트론', 'SK케미칼', '종근당', '종근당홀딩스', 'CMG제약', '비씨월드제약', '뉴지랩파마', '제일약품', '명문제약', '국전약품', '제일파마홀딩스', '종근당바이오', '경보제약', '엔지켐생명과학', 'JW중외제약']"
228,클라우드 컴퓨팅,"['포스코DX', '엠로', '코맥스', '솔트룩스', '유엔젤', '솔트웨어', '인지소프트', 'SK', '엔텔스', '젬백스링크', '안랩', '폴라리스오피스', '효성ITX', '영림원소프트랩', '삼성에스디에스', '휴네시온', 'SK텔레콤', 'KT', '한글과컴퓨터', '파이오링크', 'SGA', '다우기술', '쌍용정보통신', '케이사인', '더존비즈온', 'SGA솔루션즈', 'DB', '엑셈', '나무기술', '가비아', '케이아이엔엑스', '비투엔']"
229,K-뉴딜지수(인터넷),"['아프리카TV', '디어유', '카카오', '안랩', '다날', '카카오페이', '유비쿼스홀딩스', '서진시스템', 'KG이니시스', 'NHN KCP', '케이엠더블유', 'NAVER', '더존비즈온', '에이스테크']"
230,인터넷 대표주,"['카카오', 'NAVER']"
231,드론(Drone),"['한빛소프트', '커머스마이너', '쎄트렉아이', '티쓰리', '퍼스텍', '대한항공', '피씨디렉트', '한화시스템', 'CJ대한통운', '한화에어로스페이스', '어스앤에어로스페이스', '노블엠앤비', '한컴위드', '에스코넥', 'KT', '엠씨넥스', '휴니드', '매커스', '인지컨트롤스', '코콤', '한국항공우주', '디티앤씨', '네온테크', '해성옵틱스', '켄코아에어로스페이스', '베셀', '기산텔레콤', '제이씨현시스템', '덕산하이메탈', '스마트레이더시스템']"
232,애플페이,"['하인크코리아', '셀피글로벌', 'KG이니시스', 'NHN KCP', '이루온', 'KG모빌리언스', '나이스정보통신', '한국정보통신', 'NICE']"
233,재택근무/스마트워크,"['이씨에스', '알서포트', '소프트캠프', '세종텔레콤', '폴라리스오피스', '영림원소프트랩', '효성ITX', '휴네시온', '링네트', '파수', 'NHN', '더존비즈온', '오파스넷', '제이씨현시스템', '에스넷']"
234,골프,"['와이엔텍', '휠라홀딩스', '뷰웍스', '용평리조트', 'KX', '베뉴지', '라온피플', '골프존뉴딘홀딩스', '골프존', '까스텔바작', '크리스에프앤씨', '남화산업', '브이씨', '한세엠케이', '아난티']"
235,전자파,"['아이씨에이치', '프로텍', '성우전자', '이큐셀', '다산솔루에타', '한미반도체', '아모텍', '켐트로닉스', '상신전자', '잉크테크', '동일기연', '레몬', '제너셈']"
236,비료,"['롯데정밀화학', '태경비케이', '효성오앤비', '우진비앤지', '남해화학', 'KG케미칼', '조비', '대유', '누보', '태원물산', '카프로', '체시스']"
237,소모성자재구매대행(MRO),"['비케이탑스', '이크레더블', '아이마켓코리아', '대명소노시즌', '이상네트웍스']"
238,전선,"['대한전선', 'KBI메탈', 'LS', '대원전선', '일진전기', 'LS전선아시아', '가온전선']"
239,교육/온라인 교육,"['로보로보', '비상교육', '유엔젤', '메가스터디교육', '대교', '정상제이엘에스', '아이스크림에듀', 'MIT', '메가스터디', '윌비스', '메가엠디', 'YBM넷', '디지털대성', '멀티캠퍼스', '대성홀딩스', '비트컴퓨터', 'SGA', '웅진씽크빅', '골드앤에스', '이퓨쳐', '삼성출판사', '아이비김영', '유비온', 'DB', '크레버스', 'NE능률', '캐리소프트']"
240,2023 상반기 신규상장,"['엔에이치스팩28호', '씨유박스', '오픈놀', '샌즈랩', '슈어소프트테크', '스튜디오미르', '꿈비', 'KB제25호스팩', '미래에셋비전스팩2호', '제이오', '하나29호스팩', '자람테크놀로지', '큐라티스', '유안타제13호스팩', '엔에이치스팩29호', '라온텍', '삼성스팩8호', 'IBKS제22호스팩', '삼성FN리츠', '하나27호스팩', '미래에셋드림스팩1호', '이노진', '바이오인프라', '한화리츠', '미래에셋비전스팩3호', '키움제8호스팩', '나라셀라', '알멕', '셀바이오휴먼텍', '하나26호스팩', '유안타제12호스팩', '지아이이노베이션', 'LB인베스트먼트', '진영', '팸텍', '프로테옴텍', '티이엠씨', '토마토시스템', '마이크로투나노', '미래반도체', '오브젠', '한주라이트메탈', '화인써키트', '모니터랩', '에스바이오메딕스', '트루엔', '시큐센', '엑스게이트', '금양그린파워', '마녀공장', '기가비스', '나노팀', '삼기이브이']"
241,LED,"['지앤비에스 에코', '드림텍', 'LG전자', '아이엘사이언스', '나노신소재', '우리엔터프라이즈', '성호전자', '오디텍', '루멘스', '태경비케이', '레이크머티리얼즈', '한라IMS', '한솔테크닉스', '일월지엠엘', '에스엘에너지', 'KH 필룩스', '와이투솔루션', 'LG이노텍', '소룩스', '삼성전자', '제이엠아이', '케이엠더블유', '서울반도체', '포인트엔지니어링', '파인테크닉스', '우리바이오', '파커스', '알에프텍', '태경산업', '클라우드에어', '금호에이치티', '서울바이오시스', '광전자', '일진디스플', '엘컴텍', '엘디티', '빛샘전자', '에프알텍', '에스폴리텍', '한국단자', '코아시아', '금호전기', '비보존 제약', '현대에이치티', '삼진엘앤디', '우리이앤엘', '케이엔제이', '알에프세미']"
242,핵융합에너지,"['에스에프에이', '삼화콘덴서', '다원시스', '일진파워', '비츠로테크', '고려제강', '두산에너빌리티', '모비스']"
243,바이오인식(생체인식),"['씨유박스', '라온시큐어', '드림텍', '퍼스텍', '알체라', '젬백스링크', 'KH 전자', '크루셜텍', '시큐브', '파트론', '엠씨넥스', '엑스페릭스', '파워로직스', '슈프리마', '해성옵틱스', '유니온커뮤니티', '드림시큐리티', '유니퀘스트', '시큐센', '에프에스티', '바이오로그디바이스', '동운아나텍']"
244,유전자 치료제/분석,"['에스디바이오센서', '올리패스', '진시스템', '엑세스바이오', '씨젠', '디엔에이링크', '소마젠', '제노포커스', '클리노믹스', '진원생명과학', '헬릭스미스', '녹십자', '코오롱생명과학', '테라젠이텍스', '마크로젠', '엔젠바이오', '바이오니아', '랩지노믹스', '아미코젠', '신테카바이오', '티움바이오', '고바이오랩', '제넥신', '툴젠', '신라젠', '제놀루션', '지놈앤컴퍼니', '우정바이오', '셀레믹스', '바이젠셀', 'CJ 바이오사이언스', 'EDGC', '지니너스', '젠큐릭스', 'HLB파나진', '지노믹트리']"
245,마이크로바이옴,"['유바이오로직스', '에이치엘사이언스', '아모레퍼시픽', '소마젠', '제노포커스', '마크로젠', '랩지노믹스', 'LG생활건강', '고바이오랩', '종근당바이오', '비피도', '지놈앤컴퍼니', '한국콜마홀딩스', 'DXVX', '인트론바이오', 'CJ 바이오사이언스']"
246,테마명,[]
247,NI(네트워크통합),"['인성정보', '오픈베이스', '콤텍시스템', '링네트', '누리플렉스', '광무', '오파스넷', '에스넷']"
248,마이크로바이옴,"['유바이오로직스', '에이치엘사이언스', '아모레퍼시픽', '소마젠', '제노포커스', '마크로젠', '랩지노믹스', 'LG생활건강', '고바이오랩', '종근당바이오', '비피도', '지놈앤컴퍼니', '한국콜마홀딩스', 'DXVX', '인트론바이오', 'CJ 바이오사이언스']"
249,PCB(FPCB 등),"['바이옵트로', '이브이첨단소재', '현우산업', '자비스', 'PI첨단소재', '삼성전기', '성우테크론', '디케이티', '디에이피', '상아프론테크', '롯데에너지머티리얼즈', '파나케이아', '와이엠티', '네오티스', '이녹스첨단소재', '대덕', '에이엔피', '티엘비', '우리바이오', '뉴프렉스', '필옵틱스', '코리아써키트', '심텍', '타이거일렉', '인터플렉스', '펨트론', '비에이치', '아모그린텍', '태성', '화인써키트', '대덕전자', '이수페타시스', '시노펙스']"
250,키오스크(KIOSK),"['푸른기술', '한네트', '케이씨티', '인바이오젠', '파버나인', '윈스', '한국전자금융', '케이씨에스', 'SGA솔루션즈', '씨아이테크']"
251,모바일콘텐츠(스마트폰/태블릿PC),"['디앤씨미디어', '셀바스AI', '포시에스', '인포뱅크', '헥토이노베이션', '카카오', '다날', '지니뮤직', '엔지스테크널러지', '컴투스', '폴라리스오피스', '한컴위드', 'YTN', 'SK텔레콤', 'KT', 'YBM넷', 'KG모빌리언스', '컴투스홀딩스', '플랜티넷', '아이톡시', '한글과컴퓨터', 'TJ미디어', '미스터블루', '케이티알파', 'NHN벅스', 'SK스퀘어', 'NAVER', '바른손', '삼성출판사', '자이언트스텝', '핑거스토리', '네오위즈홀딩스', '키다리스튜디오', '티사이언티픽']"
252,코로나19(덱사메타손),"['화일약품', '대한뉴팜', '부광약품', '신일제약', '국제약품', '경동제약', '한올바이오파마', '유한양행', '동성제약', '한국유니온제약', '한국파마', '한독', '휴온스', '환인제약', 'JW중외제약', '대원제약', '휴메딕스']"
253,제4이동통신,"['세종텔레콤', '콤텍시스템', '광무', '쏠리드', 'CS']"
254,여행,"['레드캡투어', '하나투어', '참좋은여행', '그래디언트', '모두투어', 'SM C&C', '세중', '노랑풍선', '롯데관광개발']"
255,육계,"['하림', '교촌에프앤비', '동우팜투테이블', '이지홀딩스', '마니커', '푸드나무', '팜스토리', '마니커에프앤지', '체리부로']"
256,보안주(정보),"['샌즈랩', '라온시큐어', '이스트소프트', '모코엠시스', '지란지교시큐리티', '디지캡', '한국정보인증', '싸이버원', '헥토이노베이션', '수산아이앤티', '한국전자인증', '나노씨엠에스', '오픈베이스', '안랩', '소프트캠프', '이니텍', '아톤', '한컴위드', '휴네시온', '시큐브', '세토피아', '파수', '네오리진', '나노브릭', '코닉오토메이션', '플랜티넷', '이글루', '파이오링크', 'SGA', '케이사인', '윈스', '벨로크', '지니언스', '드림시큐리티', 'SGA솔루션즈', '모니터랩', '에스에스알', '가비아', '시큐센', '라닉스', '다우데이타', '엑스게이트', '에스넷', '시큐레터']"
257,코로나19(카모스타트),"['대웅제약', '일성신약', '명문제약', 'CG인바이츠']"
258,가상화폐(비트코인 등),"['한빛소프트', 'TS인베스트먼트', 'SBI인베스트먼트', '에이티넘인베스트', '한일진공', '카카오', '다날', '비덴트', '인바이오젠', '갤럭시아머니트리', '한컴위드', 'FSN', '위지트', 'KG모빌리언스', 'ES큐브', '아이오케이', '매커스', '엠게임', '케이피엠테크', 'SGA', '클라우드에어', 'NAVER', '우리기술투자', 'SGA솔루션즈', '제이씨현시스템', '네오위즈홀딩스', '감성코퍼레이션', 'SCI평가정보', '티사이언티픽']"
259,LCD BLU제조,"['한솔테크닉스', '코이즈', '이라이콤', '삼진엘앤디']"
260,화이자(PFIZER),"['이수화학', '그린생명과학', '유한양행', '우리바이오', '제일약품', '대한약품', '파미셀', '제주반도체', '서울제약']"
261,2019 하반기 신규상장,"['윈텍', '코윈테크', '엔바이오니아', '올리패스', '에스피시스템스', '플리토', '대모', '자이에스앤디', '솔트웨어', 'HD현대에너지솔루션', '네오크레마', '태웅로직스', '한화시스템', '모코엠시스', '피피아이', '그린플러스', '제테마', '지누스', '일승', '메드팩토', '아이스크림에듀', '아톤', 'HLB바이오스텝', '코리아에셋투자증권', '윙스풋', 'NH프라임리츠', '한독크린텍', '다보링크', '밸로프', '라온피플', '아이티엠반도체', '롯데리츠', '웨이버스', '헥토파이낸셜', '팜스빌', '나노브릭', '리메드', '녹십자웰빙', '에이스토리', '엑스페릭스', '신테카바이오', '미디어젠', '티움바이오', '에이에프더블류', '씨티알모빌리티', '누보', '에스제이그룹', 'KBG', '라파스', '레이', '아이비김영', '덕산테코피아', '마니커에프앤지', 'RF머트리얼즈', '세경하이테크', '세림B&G', 'CJ 바이오사이언스', '펌텍코리아', '씨에스베어링', '포커스에이치엔에스', '라닉스', '원텍', '제이엘케이', '캐리소프트', '비올', '케이엔제이', '브릿지바이오테라퓨틱스', '우양', '윌링스', '티라유텍']"
262,3D 낸드(NAND),"['廃車追耕町', '板失', '杷拭什追戚', '据斥IPS', '廃丞戚殖走', '誌失穿切', '据斥QnC', '政艦砺什闘', '砺什', '追戚松努', '政遭砺滴', '砺滴成', '宿努', 'SK馬戚莞什', '据斥袴闘軒杖綜', '巨殖拭覗', '車崎傾昔筈漁什', '薦酔什', '杷拭什追戚筈漁什']"
263,MLCC(적층세라믹콘덴서),"['윈텍', '코스모신소재', '아바텍', '삼성전기', '삼화콘덴서', '아모텍', '대주전자재료', '네온테크', '알에프세미']"
264,선박평형수 처리장치,"['부방', 'HD한국조선해양', 'STX엔진', '한라IMS', '엔케이', '이엠코리아', '윌링스']"
265,카메라모듈/부품,"['세코닉스', '나무가', '덕우전자', '재영솔루텍', '삼성전기', '캠시스', '성우전자', '삼양옵틱스', '탑엔지니어링', 'LG이노텍', '이즈미디어', '노블엠앤비', '하이소닉', '라온피플', '아이엠', '파트론', '엠씨넥스', '파워로직스', '팸텍', '엘컴텍', '퓨런티어', '하이비젼시스템', '코아시아씨엠', '해성옵틱스', '액트로', '자화전자', '아이윈플러스', '옵트론텍', 'SBW생명과학', '픽셀플러스', '바이오로그디바이스', '동운아나텍']"
266,스마트폰,"['제이앤티씨', '아비코전자', '이미지스', '아진엑스텍', '테크엘', '드림텍', 'LG디스플레이', 'LG전자', '삼성SDI', '나무가', '텔레칩스', '테이팩스', '하인크코리아', '에코볼트', '한일진공', '모베이스', '캠시스', '디케이티', '성우전자', '웰킵스하이텍', '유아이디', '크루셜텍', '노블엠앤비', '장원테크', 'LG이노텍', '와이제이엠게임즈', '위니아에이드', '삼성전자', '하이소닉', '인탑스', '케스피온', '서진시스템', '씨유테크', '블루콤', '유아이엘', '파트론', '아이앤씨', '다산솔루에타', '대덕', '한국컴퓨터', '모다이노칩', '슈피겐코리아', '유티아이', '알에프텍', '와이팜', '아모텍', '파워로직스', '피델릭스', '이엠앤아이', 'KH바텍', '켐트로닉스', '하이비젼시스템', '엔피디', '엘디티', '디스플레이텍', '해성옵틱스', '액트로', '기가레인', '세경하이테크', '인터플렉스', '노바텍', '아모그린텍', '엘엠에스', '자화전자', '레몬', '토비스', '엔터파트너즈', '대덕전자', '덕산네오룩스', '에이치앤비디자인', '이수페타시스', '동운아나텍', '에이스테크', '시노펙스', '이엠텍', '육일씨엔에쓰', '알에프세미']"
267,RFID(NFC 등),"['에이텍모빌리티', '에이루트', '빅텍', 'SK', '위즈코프', '삼성전자', 'SK텔레콤', 'KT', '코나아이', '엑스큐어', '누리플렉스', '파트론', '이루온', '아모텍', 'SK스퀘어', '유비벨록스', '에스넷', '소니드', '에이스테크']"
268,코로나19(스푸트니크V),"['제테마', '이화전기', '이아이디', '이트론', '코리아에셋투자증권', '바이넥스', '아주IB투자', '보령', '프레스티지바이오파마', '프레스티지바이오로직스', '종근당바이오', '휴온스글로벌', '이수앱지스', '휴메딕스']"
269,맥신(MXene),"['경동인베스트', '한국앤컴퍼니', '나노', '티플랙스', '이오플로우', '코닉오토메이션', '센코', 'APS', '휴비스', '태경산업', '아모센스', '아이크래프트', '나인테크']"
270,U-Healthcare(원격진료),"['아스타', '라이프시맨틱스', '인성정보', 'SK케미칼', '뷰웍스', '유비케어', '마크로젠', '네오펙트', '녹십자홀딩스', '차바이오텍', '테라젠이텍스', '비트컴퓨터', '나노엔텍', '케어랩스', '인피니트헬스케어', '메디포스트', '토마토시스템', '소프트센', '인바디', '휴비츠', '파마리서치', '이지케어텍', 'JW중외제약', '제이엘케이']"
271,국내 상장 중국기업,"['크리스탈신소재', '글로벌에스엠', '씨케이에이치', '골든센츄리', '이스트아시아홀딩스', 'GRT', '헝셩그룹', '컬러레이', '오가닉티코스메틱', '윙입푸드', '로스웰']"
272,콜드체인(저온 유통),"['뉴지랩파마', '대창솔루션', '투비소프트', '대한과학', '지씨셀', '일신바이오', '에이디칩스', '아이텍', '서린바이오', '경남제약', '대유플러스', '에스씨디', '아이큐어', '한익스프레스', '태경케미컬', 'GST', '동아쏘시오홀딩스']"
273,반도체 대표주(생산),"['삼성전자', 'DB하이텍', 'SK하이닉스']"
274,렌터카,"['SK네트웍스', '레드캡투어', 'SK렌터카', '롯데렌탈', '케이카', '쏘카']"
275,음성인식,"['코맥스', '셀바스AI', '현대모비스', '카카오', '가온그룹', '블루콤', '파트론', '미디어젠', '브리지텍', '코콤', 'NAVER', '코아시아', '파인디지털', '현대에이치티', '알에프세미']"
276,반도체 재료/부품,"['하나마이크론', '마이크로컨텍솔', '후성', '에스에이엠티', '천보', '한솔아이원스', '레이크머티리얼즈', '웰킵스하이텍', '티씨케이', '이엔에프테크놀로지', '네패스', '엘티씨', '샘씨엔에스', '비케이홀딩스', '해성디에스', '에프엔에스테크', '원익QnC', '동진쎄미켐', '이녹스첨단소재', '월덱스', '대덕', '미코', 'KEC', '케이씨텍', '에스앤에스텍', '메카로', '오션브릿지', '테크윙', '램테크놀러지', '티이엠씨', '한양디지텍', '피엠티', '솔브레인', '원익머트리얼즈', '타이거일렉', '덕산테코피아', '디엔에프', '뉴파워프라즈마', '지오엘리먼트', '솔브레인홀딩스', '비씨엔씨', '와이씨켐', '마이크로투나노', 'KX하이텍', 'HLB이노베이션', '하나머티리얼즈', '오킨스전자', '제이아이테크', '엠케이전자', '3S', '덕산하이메탈', 'ISC', '에프에스티', '케이엔제이', '동운아나텍']"
277,코로나19(혈장치료/혈장치료제),"['에코볼트', '블레이드 Ent', '피에이치씨', '녹십자', '일신바이오', '한국유니온제약', '서린바이오', '레몬', '시노펙스']"
278,5G(5세대 이동통신),"['와이솔', 'LG전자', '이노인스트루먼트', 'PI첨단소재', '피피아이', 'LG유플러스', '엔텔스', '텔코웨어', '이지트로닉스', '인포마크', '삼성전자', 'SK텔레콤', 'KT', '삼지전자', '서진시스템', '웨이브일렉트로', '이루온', '대덕', '다보링크', '케이엠더블유', '텔레필드', '옵티코어', '오이솔루션', '알에프텍', 'LS전선아시아', '와이팜', '쏠리드', '이노와이어리스', '휴림네트웍스', '대한광통신', '유비쿼스', '에프알텍', '오파스넷', '트루윈', '기가레인', 'RFHIC', '우리넷', '아이크래프트', '코위버', '기산텔레콤', '나무기술', '와이어블', '대덕전자', '코스텍시스', '라이콤', '우리로', '센서뷰', '이수페타시스', '라이트론', '에이스테크', '에치에프알']"
279,양자암호,"['에이엘티', '한국정보인증', 'LG유플러스', 'SK텔레콤', 'KT', '텔레필드', '쏠리드', '우리넷', '케이씨에스', '드림시큐리티', '코위버', '아이윈플러스', '우리로', '엑스게이트', '바이오로그디바이스']"
280,통신장비,"['다산네트웍스', '이노인스트루먼트', 'AP위성', '자람테크놀로지', '루멘스', '피피아이', '인포마크', '삼지전자', '서진시스템', '웨이브일렉트로', '스카이문스테크놀로지', '다보링크', '케이엠더블유', '텔콘RF제약', '텔레필드', '파이오링크', '핸디소프트', '옵티코어', '오이솔루션', '쏠리드', '이노와이어리스', '휴림네트웍스', '에스에이티', '유비쿼스', '빛샘전자', '에프알텍', 'CS', '기가레인', 'RF머트리얼즈', 'RFHIC', '우리넷', '알엔투테크놀로지', '코위버', '기산텔레콤', '와이어블', '인텔리안테크', '라이콤', '우리로', '센서뷰', '라이트론', '머큐리', '에이스테크', '에치에프알']"
281,미용기기,"['한국비엔씨', '대웅제약', '루트로닉', '유한양행', '제이시스메디칼', '클래시스', '메디톡스', '휴젤', '휴온스글로벌', '파마리서치', '이루다', '휴메딕스', '원텍', '비올', '하이로닉']"
282,밥솥,"['어보브반도체', 'PN풍년', '신일전자', '쿠쿠홀딩스', '윌링스']"
